e, e_dot, e_int, stamp, 
0.3996129803995554, 0.0, 0.07992259607991108, 13090000000, 
0.3996129803995554, 0.0, 0.07992259607991108, 13090000000, 
0.39956521254179367, -0.00015922619253908957, 0.07991941155606029, 14280000000, 
0.39958775535206537, -8.408349163343172e-05, 0.07991772988622763, 14314000000, 
0.39959304683598956, 9.278098065298075e-05, 0.0799164009819899, 14348000000, 
0.3995964576389001, 2.900762278249906e-05, 0.07991848398846367, 14450000000, 
0.3987192909475737, -0.0029125196280529084, 0.07986058636149757, 14518000000, 
0.38740820693030564, -0.04062750236198157, 0.07904826370111862, 14552000000, 
0.36893905982058944, -0.0992674370899475, 0.07700443717989792, 14654000000, 
0.3409982418521521, -0.15469988359384512, 0.07315636724020314, 14722000000, 
0.31023050132956487, -0.19569519497008192, 0.06801118686682042, 14756000000, 
0.2775151059403328, -0.2116104530393977, 0.06191625660813665, 14858000000, 
0.24008504442763448, -0.2338181896731013, 0.05518871011316881, 14892000000, 
0.21424075194666048, -0.21091451331224106, 0.04878939348764185, 14994000000, 
0.18512562228178772, -0.1831980738194892, 0.042630094577072175, 15062000000, 
0.16709948098292154, -0.15713756987912977, 0.037764390347424646, 15130000000, 
0.1498298554187973, -0.11765255620996812, 0.03347033057890044, 15198000000, 
0.13696852094231846, -0.10043653346867697, 0.030259857156269155, 15266000000, 
0.12803739492747496, -0.07264153497107444, 0.027655718085906045, 15300000000, 
0.12063526089011467, -0.054444200174012615, 0.02570941178399387, 15402000000, 
0.11414484456318447, -0.046308501214301634, 0.024187833358718273, 15436000000, 
0.10864613610235346, -0.039963749292537355, 0.02289508277037684, 15504000000, 
0.10458797168693285, -0.03185624292083874, 0.02182526349016472, 15538000000, 
0.09925125980294952, -0.03131625433134647, 0.02083235783948239, 15606000000, 
0.09302070834959564, -0.03855754445779069, 0.0197906626559652, 15674000000, 
0.08780471766353881, -0.038155140464702364, 0.018671779054405598, 15742000000, 
0.08139357883688247, -0.03875709837571054, 0.01748126699000113, 15776000000, 
0.07413187674910487, -0.045576136381446454, 0.01622201154996841, 15810000000, 
0.06786042216631161, -0.045110522235236226, 0.014892391850153263, 15878000000, 
0.059748313538096676, -0.04794521070336066, 0.013449374163567543, 15946000000, 
0.05469056447708587, -0.043899525630752466, 0.012153286678766277, 16048000000, 
0.04891334814869841, -0.036116551297994216, 0.010890148410925397, 16116000000, 
0.04402842441475102, -0.035540466874449485, 0.009842155802702353, 16184000000, 
0.03950439072629336, -0.031363191408016834, 0.008829744219316185, 16218000000, 
0.03587461883308074, -0.027179351938900937, 0.007960495598275007, 16320000000, 
0.03303973215533462, -0.021548861903195788, 0.007227916114313914, 16354000000, 
0.03303973215533462, -0.009449622259153726, 0.0067969388762499985, 16354000000, 
0.02827782670868606, -0.015873018155495206, 0.00629048606795702, 16490000000, 
0.026364425143941106, -0.022251023371311723, 0.005845465600530786, 16558000000, 
0.024729558835303922, -0.01182755957794046, 0.005291454045862072, 16592000000, 
0.023247999746063286, -0.010388084659592733, 0.004956132248353887, 16694000000, 
0.021829381273335224, -0.00966725853989566, 0.004653795990313496, 16728000000, 
0.019927719170798663, -0.011067601917548742, 0.004333673346013145, 16830000000, 
0.018521081435343145, -0.011027666126640264, 0.004018545458631802, 16932000000, 
0.0175531054867904, -0.007915378946694215, 0.0037334604061954805, 16966000000, 
0.016308186247297685, -0.007376317293484869, 0.003492158211295415, 17034000000, 
0.016308186247297685, -0.004149730798309048, 0.003344631865425718, 17034000000, 
0.013472718827728936, -0.009451558065229163, 0.0030726060881549537, 17136000000, 
0.012532661045342064, -0.012585084006518735, 0.002820904408024579, 17204000000, 
0.011323208877277391, -0.007165033168171815, 0.0024885725833565593, 17272000000, 
0.010423986108873684, -0.0070289164548946, 0.0022853237354328758, 17340000000, 
0.009315670552867472, -0.0066917944146997295, 0.0020708577026012365, 17408000000, 
0.008795025656239353, -0.005429868175447772, 0.0019023121545320338, 17544000000, 
0.008233810765840233, -0.003606199290090798, 0.0017563004649964705, 17612000000, 
0.007828057296114799, -0.003223227867081846, 0.0016571262478796255, 17680000000, 
0.007396061493978978, -0.002792497572870848, 0.0015638619703956006, 17748000000, 
0.006950724794205609, -0.002924441673030631, 0.001478322905619959, 17816000000, 
0.006492496733987163, -0.0030118825333060504, 0.00138928553481145, 17884000000, 
0.0061504396636659076, -0.002667617101799006, 0.0013062440794572453, 17952000000, 
0.00570001058843278, -0.0026416204851812766, 0.0012228631324057234, 18020000000, 
0.005253013131002182, -0.0029914217755457515, 0.0011402308922067246, 18088000000, 
0.004798652794934577, -0.0030045259783273437, 0.001050111767624636, 18156000000, 
0.004278597964436692, -0.0032480505552182994, 0.0009553509260248967, 18224000000, 
0.003911138933029468, -0.0029583795396836976, 0.0008658926461600491, 18292000000, 
0.003911138933029468, -0.001224863438024082, 0.0008067250553663751, 18292000000, 
0.0032760742106019425, -0.0021168824080917505, 0.0007398901384440585, 18394000000, 
0.002965237146410671, -0.0031530059553959897, 0.0006768300193361387, 18462000000, 
0.0026838525775276234, -0.00197407211024773, 0.0005950109289693491, 18564000000, 
0.002506047463570693, -0.0015306322761332591, 0.0005436758125005991, 18598000000, 
0.002296347433377477, -0.0012916838138338216, 0.0004990831649650529, 18632000000, 
0.0020563743223684927, -0.0014989104706740013, 0.0004572512812877775, 18734000000, 
0.001814848496744459, -0.0016049964554433933, 0.00041117135016602855, 18768000000, 
0.0016824517583006737, -0.00124640854689273, 0.000370244971827575, 18802000000, 
0.001601389189237079, -0.0007115310250245995, 0.0003399126296188141, 18870000000, 
0.0015232175352111743, -0.0005307807436316647, 0.00032047056551659514, 18938000000, 
0.0014316842156135712, -0.000565683245411693, 0.000303752729337455, 19006000000, 
0.0013308193624419484, -0.0006413272425640862, 0.00028571474088444625, 19074000000, 
0.0012382633503768559, -0.0006447362174557177, 0.00026671779522882504, 19142000000, 
0.001165313916048849, -0.0005516848213103313, 0.00024895977525784353, 19244000000, 
0.0010906919540755733, -0.0004919046543376085, 0.00023295128136675188, 19278000000, 
0.0009896129201042436, -0.0005856699864820181, 0.00021637458601524439, 19380000000, 
0.000900181031770475, -0.0006350364076836609, 0.00019869906039668612, 19414000000, 
0.0008114538781559544, -0.0005938634731609641, 0.00018008318866871153, 19482000000, 
0.0007553093953546752, -0.0004829054547193327, 0.00016446295368540697, 19550000000, 
0.0006771324155217529, -0.0004477382087806718, 0.00014959304593549217, 19652000000, 
0.0006148550730559754, -0.00046818107432899936, 0.0001364864589288269, 19720000000, 
0.0005622969226573571, -0.0003827849762146525, 0.0001236189607490057, 19754000000, 
0.0005177408901280156, -0.0003237139430931994, 0.00011299285905608987, 19788000000, 
0.000486848538019502, -0.00025149461545951696, 0.00010445909005365831, 19822000000, 
0.0004570683403835041, -0.0002022418324817051, 9.744385123540144e-05, 19924000000, 
0.00042986503670400245, -0.00018994500438499853, 9.15854610071339e-05, 19992000000, 
0.00040251008508929154, -0.00018186085098070848, 8.596289747845321e-05, 20060000000, 
0.00038919678800558577, -0.00013556082899472224, 8.143812731992532e-05, 20128000000, 
0.00037307776689421424, -9.810772731692434e-05, 7.76523093326061e-05, 20230000000, 
0.00035020776980421164, -0.00012996339400458043, 7.416548831360077e-05, 20264000000, 
0.0003295822276918048, -0.00014498513067469818, 7.019118429268205e-05, 20332000000, 
0.000300961304426306, -0.00016415488459301889, 6.538342012815482e-05, 20434000000, 
0.00029237309704321923, -0.00012403043549528517, 6.1527775277422e-05, 20468000000, 
0.0002706454931744595, -0.00010105270417282153, 5.759865964293231e-05, 20536000000, 
0.0002506328121001933, -0.00013913428314341983, 5.424342682119147e-05, 20570000000, 
0.00023780229965630895, -0.00010947731172716857, 5.0605373662064114e-05, 20638000000, 
0.00022445795655962053, -8.724951846857583e-05, 4.752620455440818e-05, 20706000000, 
0.00021692210329032902, -6.960065455326643e-05, 4.5278823967083896e-05, 20774000000, 
0.00020895358142691833, -5.1681250442340655e-05, 4.3355576085124524e-05, 20842000000, 
0.00019210729181134978, -8.271603826326412e-05, 4.119886510190647e-05, 20910000000, 
0.00017634223397605675, -0.00010870449150287194, 3.8493540480954994e-05, 20944000000, 
0.00016144466824002945, -0.00010220874523773442, 3.532627960182906e-05, 21012000000, 
0.000148399132466559, -9.314367169832583e-05, 3.2412402312176344e-05, 21080000000, 
0.0001385350643420824, -7.636534632649017e-05, 2.9891924336578055e-05, 21148000000, 
0.00014241065120856877, -1.996160419330077e-05, 2.8622989867814013e-05, 21216000000, 
0.00013757864670910225, -3.1880587766005184e-06, 2.7901624150650227e-05, 21284000000, 
0.0001304354517510098, -3.991733152519661e-05, 2.7361649977912053e-05, 21386000000, 
0.00012181452384679714, -5.2547076207683695e-05, 2.598857482046061e-05, 21420000000, 
0.00012189171412801958, -2.847912540996737e-05, 2.49427793150551e-05, 21488000000, 
0.00011519250581815133, -2.2073393428819383e-05, 2.39265829195312e-05, 21556000000, 
9.729669530711416e-05, -8.198339606968474e-05, 2.229206101688567e-05, 21658000000, 
8.923298732349538e-05, -8.653172831551981e-05, 2.0114812563250725e-05, 21726000000, 
8.655099104387665e-05, -3.58190142107917e-05, 1.8205378244965747e-05, 21760000000, 
7.765413270005572e-05, -3.85961820781322e-05, 1.689587407116185e-05, 21862000000, 
6.315182409238895e-05, -7.799722317162565e-05, 1.5157129855754754e-05, 21930000000, 
4.9170061953429656e-05, -9.494690248875355e-05, 1.2665067916391622e-05, 21964000000, 
4.9170061953429656e-05, -4.660587379653099e-05, 1.076612986661655e-05, 21964000000, 
2.6587749708539832e-05, -7.527437414963274e-05, 8.328524907693277e-06, 22134000000, 
3.5099989056930347e-06, -0.00015220021015912208, 5.284520704510835e-06, 22168000000, 
-9.496741146308718e-06, -0.0001202816361828285, 1.3734004978616098e-06, 22236000000, 
-2.7880310092709415e-05, -0.00010463436332800817, -2.25780348888834e-06, 22270000000, 
-3.499667756906577e-05, -8.499978807585684e-05, -4.8249152538722605e-06, 22338000000, 
-3.604241805071906e-05, -2.720702652669882e-05, -6.594627047499616e-06, 22372000000, 
-4.425327358192899e-05, -3.085532004287739e-05, -7.686157946780921e-06, 22474000000, 
-4.9245314573842514e-05, -4.400965507707818e-05, -8.636067080432704e-06, 22542000000, 
-4.046301103161065e-05, 1.2634208501061117e-05, -8.93077327915881e-06, 22576000000, 
-1.3078643150754576e-05, 0.00012055557141029312, -6.852464583747183e-06, 22678000000, 
1.3798458004532499e-06, 0.000139476189440213, -3.477453892127465e-06, 22746000000, 
1.1719822398559288e-05, 8.266155183104622e-05, 1.4016698838640688e-09, 22814000000, 
1.446034362545534e-05, 4.3601659416673634e-05, 1.8373341216311918e-06, 22916000000, 
1.4496221309112656e-05, 9.254663035177893e-06, 2.711759155541819e-06, 23018000000, 
2.3722173172480154e-05, 3.087276515674938e-05, 3.51191587380321e-06, 23052000000, 
2.3124229035331734e-05, 2.8760025754063594e-05, 4.089508234461636e-06, 23120000000, 
2.3124229035331734e-05, -1.9931471238280687e-06, 4.664708749542908e-06, 23120000000, 
3.273555486149604e-05, 3.203775275388102e-05, 5.265600862143967e-06, 23256000000, 
2.7218922548977176e-05, 1.3648978378818141e-05, 5.53858042972033e-06, 23358000000, 
3.328597884383333e-05, 1.834746607790964e-06, 6.21603041695377e-06, 23426000000, 
4.334448209508679e-05, 5.375186515369871e-05, 6.923292232526486e-06, 23494000000, 
5.617490973752748e-05, 7.629643631231382e-05, 8.85369137842984e-06, 23562000000, 
6.330567357271111e-05, 6.653730492541439e-05, 1.0855004360355025e-05, 23630000000, 
7.265585455984436e-05, 5.493648274105626e-05, 1.280909585800553e-05, 23698000000, 
6.957921264760802e-05, 2.0911796916323055e-05, 1.3702716052010898e-05, 23766000000, 
7.918794077443891e-05, 2.177362071531519e-05, 1.476153386545942e-05, 23834000000, 
7.506367178600204e-05, 1.8281530461313384e-05, 1.4922055013869932e-05, 23902000000, 
7.226404831051081e-05, -2.3079641546427016e-05, 1.510104405806345e-05, 23936000000, 
7.646282117884651e-05, 4.663831309481559e-06, 1.491936941835729e-05, 23970000000, 
6.638505280198714e-05, -1.9596651695078886e-05, 1.4340794819422963e-05, 24038000000, 
6.615587053110383e-05, -3.4356502159142245e-05, 1.3933582967462498e-05, 24106000000, 
6.482224889081678e-05, -5.209346370567876e-06, 1.3157544814927184e-05, 24174000000, 
5.802913350561045e-05, -2.7089123418311267e-05, 1.2600483528502071e-05, 24276000000, 
4.919582890783314e-05, -5.208806660994547e-05, 1.1469814086950691e-05, 24344000000, 
3.596418210688457e-05, -7.354983799575295e-05, 9.545942968021878e-06, 24412000000, 
2.622384263217814e-05, -7.657328758551667e-05, 7.42559024312639e-06, 24480000000, 
2.2432395638205538e-05, -4.510595489559677e-05, 5.64136135848455e-06, 24548000000, 
3.223682886149826e-05, 2.0043287431067054e-05, 5.392871142125462e-06, 24616000000, 
4.897418388466468e-05, 8.847262748819713e-05, 6.909560558957898e-06, 24684000000, 
5.280545374852785e-05, 6.856208295676532e-05, 8.934431099646052e-06, 24752000000, 
5.5362696400773626e-05, 2.1295041720363155e-05, 1.047615560226441e-05, 24820000000, 
6.448145225573798e-05, 3.891999502403376e-05, 1.1509973493669297e-05, 24888000000, 
6.746590270279018e-05, 4.034402100672185e-05, 1.2487336757286786e-05, 24956000000, 
6.850873066993612e-05, 1.3424261380660477e-05, 1.336373904189762e-05, 24990000000, 
6.594924426767124e-05, -5.05552811706315e-06, 1.346159184269317e-05, 25058000000, 
5.741990361513016e-05, -3.6962756849353205e-05, 1.27918585701825e-05, 25126000000, 
3.843057108460224e-05, -9.172891061022999e-05, 1.0786647931160242e-05, 25194000000, 
2.2330514729274054e-05, -0.00011696462961952037, 7.87873262860043e-06, 25296000000, 
2.201566632920038e-05, -5.4716349184672865e-05, 5.518450142871778e-06, 25364000000, 
1.984940625648912e-05, -8.270361575949773e-06, 4.27970582099757e-06, 25432000000, 
2.2533025781645843e-05, 1.72453150815155e-06, 4.293206557822356e-06, 25466000000, 
1.6250667661976692e-05, -1.1995795315041432e-05, 3.9088733133407775e-06, 25602000000, 
9.058273128970118e-06, -4.491584217558575e-05, 3.1894644381728435e-06, 25670000000, 
5.640332883471988e-06, -3.536778259501568e-05, 2.0632849116279197e-06, 25772000000, 
2.350297528097567e-06, -2.235991866957517e-05, 1.1365935693693116e-06, 25806000000, 
-5.016692232739928e-07, -2.0473340355819936e-05, 4.992640792197041e-07, 25840000000, 
-5.016692232739928e-07, -9.506555837905198e-06, 8.979727210330542e-08, 25840000000, 
3.80053299386951e-07, 2.939075075536479e-06, -4.155234314406897e-08, 25976000000, 
7.963974278935027e-07, 4.326888837224985e-06, 4.4985433600430724e-08, 26010000000, 
1.0419731162780721e-05, 3.346559287797923e-05, 7.73078792670745e-07, 26078000000, 
1.4700308195780831e-05, 4.6346369226291095e-05, 1.727762452430337e-06, 26146000000, 
2.465559588382682e-05, 4.7452882403486996e-05, 3.3183756828258914e-06, 26248000000, 
3.573414566809818e-05, 7.011279157439117e-05, 5.006003316513722e-06, 26282000000, 
2.8223520538661617e-05, 1.1893082182782658e-05, 5.907550806039108e-06, 26350000000, 
1.9211102026961413e-05, -5.5076812137122566e-05, 5.544584548914748e-06, 26452000000, 
1.2113791721668488e-05, -5.369909605664377e-05, 3.969894285819434e-06, 26520000000, 
-5.696806276711541e-07, -6.593594218210856e-05, 2.0503475413972496e-06, 26554000000, 
-1.7243668897215514e-05, -9.785820206294667e-05, -3.7997052021454536e-07, 26656000000, 
-2.5233131129176467e-05, -8.221150167168438e-05, -2.8697653769375425e-06, 26724000000, 
-3.203091557019144e-05, -4.9290822243253096e-05, -4.967181039772228e-06, 26792000000, 
-3.222847943529228e-05, -2.3317827687052706e-05, -5.966168408977346e-06, 26894000000, 
-3.0351638783121526e-05, 5.5975892902330555e-06, -6.307402252573683e-06, 26928000000, 
-3.0351638783121526e-05, 6.256135507235842e-06, -6.195450466769022e-06, 26928000000, 
-2.3596882139542696e-05, 2.2515855478596098e-05, -5.620010647052383e-06, 27098000000, 
-1.5453705345558344e-05, 4.965977812521061e-05, -4.626815084548171e-06, 27132000000, 
-4.3980036067980954e-06, 6.399626177581534e-05, -2.8965727394599425e-06, 27200000000, 
3.5310865095783406e-06, 6.328263951712228e-05, -1.0880414961852065e-06, 27268000000, 
1.1339750094485623e-05, 5.2459179004279065e-05, 6.981888664843912e-07, 27302000000, 
1.0369197821102905e-05, 2.2793704371748547e-05, 1.6826689616777913e-06, 27370000000, 
1.890446288371761e-05, 2.5215709297439954e-05, 2.7075607199537426e-06, 27438000000, 
2.5508662494122536e-05, 5.046488224339877e-05, 3.6521548799295368e-06, 27506000000, 
2.8792505081809416e-05, 3.2960140660306024e-05, 4.880375363976637e-06, 27574000000, 
2.059138636789637e-05, -1.639092042075389e-05, 4.992836929588554e-06, 27608000000, 
4.69939450564727e-06, -8.031036858720715e-05, 3.6055523970235368e-06, 27642000000, 
-4.386383758436807e-06, -8.325923375444393e-05, 1.3936264743404554e-06, 27778000000, 
-5.997180122951917e-06, -3.565524876199729e-05, -3.7894462504943033e-07, 27846000000, 
-6.0994998386521004e-06, -5.710386934050978e-06, -1.0988709146693882e-06, 27914000000, 
-1.1869453332979951e-05, -1.957424403342678e-05, -1.5977422196389313e-06, 27982000000, 
-1.8454978562176816e-05, -4.118492907841572e-05, -2.4282621155872577e-06, 28050000000, 
-2.4525898031368953e-05, -4.2188148994630005e-05, -3.656688661768381e-06, 28084000000, 
-9.644683011789112e-06, 2.936765183462568e-05, -3.508370640355659e-06, 28152000000, 
5.497975498869323e-06, 0.00010007957843412758, -1.9115070362859163e-06, 28220000000, 
1.9720980982906866e-05, 9.788554664898659e-05, 1.0382848979991385e-06, 28322000000, 
3.2917184518310716e-05, 9.139736339813798e-05, 3.875742733339127e-06, 28356000000, 
4.257279292280147e-05, 7.617270646631535e-05, 6.347397228267937e-06, 28424000000, 
4.481897279823288e-05, 3.967262759974055e-05, 8.020596682623005e-06, 28458000000, 
4.545224762397826e-05, 9.598182337255956e-06, 8.856267556334174e-06, 28560000000, 
3.817123948679502e-05, -2.2159111038126216e-05, 8.56283066060041e-06, 28628000000, 
3.060050093867117e-05, -4.950582228435696e-05, 7.61493253662963e-06, 28696000000, 
1.0290623654651831e-05, -9.293538610714396e-05, 5.270824272007868e-06, 28730000000, 
-7.7651865042494e-06, -0.00012788562480973523, 2.208395872604907e-06, 28798000000, 
-1.9119324750793698e-05, -9.80331613514851e-05, -1.1062591733594178e-06, 28866000000, 
-3.282804301624198e-05, -8.354285503997527e-05, -3.980836951419005e-06, 28968000000, 
-3.4688669250326765e-05, -5.189781499844356e-05, -5.775735801157496e-06, 29002000000, 
-4.189691545047891e-05, -3.0229574780789765e-05, -7.294241847803177e-06, 29036000000, 
-4.3110352227038184e-05, -2.8072276589038065e-05, -7.979729128522923e-06, 29104000000, 
-3.977009238115281e-05, 7.089410231087001e-06, -8.318490670577994e-06, 29172000000, 
-4.047355244074513e-05, 8.789332620976845e-06, -8.223599803262409e-06, 29240000000, 
-4.169865601055811e-05, -6.428545431351e-06, -8.129486722163737e-06, 29308000000, 
-3.6366164985202065e-05, 1.3691291518476886e-05, -7.902558229100353e-06, 29376000000, 
-2.1704796721921937e-05, 6.664619762878725e-05, -6.651307847845474e-06, 29444000000, 
-1.0847202525476884e-05, 8.506320819908393e-05, -4.594544282173392e-06, 29512000000, 
-5.151324708407845e-06, 5.5178240045046976e-05, -2.513554930387111e-06, 29580000000, 
2.9891566997175545e-06, 4.6121197417314796e-05, -8.672913689444783e-07, 29648000000, 
1.7560955239082077e-05, 7.57075998249664e-05, 1.0265858153594523e-06, 29750000000, 
3.723015626616588e-05, 0.00011413666522149442, 3.852017880331034e-06, 29818000000, 
3.964888854135484e-05, 7.362644434090922e-05, 6.296000003106854e-06, 29920000000, 
3.339855260442448e-05, -1.277201220580467e-05, 7.351839827463014e-06, 29988000000, 
3.1750704570676636e-05, -2.6327279902260692e-05, 6.9865430477637306e-06, 30056000000, 
2.6544518239635106e-05, -2.284678121596458e-05, 6.112918360982415e-06, 30124000000, 
2.349335864515467e-05, -2.7524486418406546e-05, 5.452572097031095e-06, 30192000000, 
2.5895601130254686e-05, -2.1630570312680675e-06, 5.062231867669631e-06, 30260000000, 
1.951328308247291e-05, -1.326691854227254e-05, 4.593482857192151e-06, 30294000000, 
1.5585001073181726e-05, -3.436866685690987e-05, 4.066259019060621e-06, 30396000000, 
1.0601841878343787e-05, -2.970480401376374e-05, 3.046675068933228e-06, 30464000000, 
1.2799022195031373e-05, -9.286596260501176e-06, 2.5990576764371258e-06, 30532000000, 
1.5929652820878548e-05, 1.7759369808449204e-05, 2.622034459616914e-06, 30634000000, 
8.758427457566942e-06, -1.3468649124881438e-05, 2.4991401648984575e-06, 30702000000, 
2.8076284630529358e-09, -5.308948397471832e-05, 1.646059193793903e-06, 30736000000, 
-2.3070820508452883e-06, -3.6885031694707436e-05, 4.302768690123138e-07, 30872000000, 
-1.0175948446267125e-05, -3.392918691576726e-05, -8.320148579099573e-07, 30906000000, 
-1.786393841740619e-05, -5.185618788853633e-05, -2.0231312609679067e-06, 31008000000, 
-3.653233817657586e-05, -8.785463243436246e-05, -4.3048150026832785e-06, 31076000000, 
-5.032167239032992e-05, -0.00010819244657641243, -6.981196598954131e-06, 31144000000, 
-4.769673562565746e-05, -3.721465816360533e-05, -8.970049746170882e-06, 31212000000, 
-4.946751329637511e-05, 2.8471969798493646e-06, -9.832394754157498e-06, 31280000000, 
-4.624398796621021e-05, 4.842492198157504e-06, -9.560549125882852e-06, 31348000000, 
-3.458032287101398e-05, 4.96239680845371e-05, -8.68612160890662e-06, 31450000000, 
-2.964493414553404e-05, 5.53301794022539e-05, -7.364616332183882e-06, 31518000000, 
-2.4380489888231605e-05, 3.399944327594125e-05, -5.907049793651975e-06, 31552000000, 
-2.2379443953279843e-05, 2.4218300640847328e-05, -5.093657865803032e-06, 31620000000, 
-2.2379443953279843e-05, 6.6701531165058725e-06, -4.609291852986086e-06, 31620000000, 
-1.987620205001761e-05, 8.344139677540774e-06, -4.3090059971051534e-06, 31756000000, 
-1.4174812246692259e-05, 2.7348772355291946e-05, -3.762030549999314e-06, 31824000000, 
-9.869338784829207e-06, 3.3356210883961346e-05, -2.9280235387692717e-06, 31892000000, 
-5.5853212569956234e-06, 2.8631636632322117e-05, -1.975298152567806e-06, 31960000000, 
2.3293428024206975e-06, 4.0662271957499683e-05, -8.750211492936089e-07, 32028000000, 
5.6957009915148404e-06, 3.760340749503488e-05, 1.6264816912932763e-07, 32096000000, 
1.0330344957565352e-05, 2.6670007183815514e-05, 1.2236925834333926e-06, 32130000000, 
6.282449162064996e-06, 1.9558272351671846e-06, 1.4872330074096793e-06, 32232000000, 
1.0728560241479723e-05, 1.3273842797145718e-06, 1.8227569574073381e-06, 32266000000, 
1.4295182661605565e-05, 2.6709111665135232e-05, 2.0870794710100188e-06, 32334000000, 
2.6152204915974586e-05, 5.141214891498288e-05, 3.4117298546039916e-06, 32402000000, 
3.99421204532735e-05, 8.548979263889311e-05, 5.359300535390244e-06, 32470000000, 
4.2043252847068224e-05, 5.297015977031213e-05, 7.209171881087754e-06, 32538000000, 
4.2542033404202595e-05, 8.666376503096984e-06, 8.301827113636288e-06, 32572000000, 
4.862693710755428e-05, 2.1945614201620185e-05, 8.88081489058834e-06, 32640000000, 
5.4533807202827855e-05, 3.997257932875087e-05, 9.713518514305648e-06, 32674000000, 
5.214609633708012e-05, 1.1730530765086122e-05, 1.0353789376497484e-05, 32742000000, 
4.981828178052261e-05, -1.5718418074350815e-05, 1.0433212354695372e-05, 32810000000, 
4.7734608353999786e-05, -1.4704959943601104e-05, 9.979932431440167e-06, 32844000000, 
4.117297095668215e-05, -2.881770274613486e-05, 9.248390739413637e-06, 32912000000, 
3.0957809863563224e-05, -5.592266163478854e-05, 7.991025944949677e-06, 32980000000, 
1.2823268509098984e-05, -9.449900815861056e-05, 5.6636032886229575e-06, 33014000000, 
1.48854946308008e-06, -9.823086800161047e-05, 3.0179751890494856e-06, 33116000000, 
-7.332995680231491e-06, -6.718754729776825e-05, 4.652548194631715e-07, 33150000000, 
-1.58208975703511e-05, -5.7698156778103936e-05, -1.4443562525001675e-06, 33252000000, 
-2.618426291300935e-05, -6.283755744259285e-05, -3.2892104109061292e-06, 33286000000, 
-4.286401894848524e-05, -9.014373792711379e-05, -5.657945295456379e-06, 33388000000, 
-4.2808766317570246e-05, -5.5415011348536325e-05, -7.457136545270989e-06, 33490000000, 
-3.315286007105067e-05, 3.237052959144856e-05, -7.92170968914041e-06, 33558000000, 
-1.9311955509193623e-05, 7.832270269458874e-05, -6.3515721265209695e-06, 33626000000, 
-9.220078603877635e-06, 7.977593822391012e-05, -4.112326278941462e-06, 33694000000, 
8.856507608956399e-07, 6.732535423363088e-05, -1.8430922234783746e-06, 33796000000, 
2.4391191353445585e-05, 0.00011203756652441073, 1.0704509006975726e-06, 33864000000, 
3.337724195395797e-05, 0.00010830530397687443, 3.910272271219946e-06, 33966000000, 
3.541940350693107e-05, 3.6760707178284946e-05, 6.212522454288975e-06, 34000000000, 
4.027208124601778e-05, 2.2982797640199355e-05, 7.271248447127121e-06, 34102000000, 
4.027208124601778e-05, 1.6175592463622362e-05, 7.730904399931107e-06, 34102000000, 
2.4688268611683384e-05, -5.194604211444798e-05, 7.015495406914595e-06, 34238000000, 
1.3011502000781494e-05, -9.086859748412095e-05, 5.198123457232177e-06, 34340000000, 
-8.549329607421274e-06, -0.00011079199406368219, 1.9433627336695737e-06, 34374000000, 
-3.125177221857678e-05, -0.0001475442473978609, -1.7859733216811039e-06, 34476000000, 
-4.616022179382284e-05, -0.00012536964062133857, -5.73075490798806e-06, 34544000000, 
-6.39166200642749e-05, -0.00010888282615232707, -9.421907605111635e-06, 34612000000, 
-7.149485340240957e-05, -8.444877202862244e-05, -1.210477968403382e-05, 34646000000, 
-6.829504548439003e-05, -1.4594751400383762e-05, -1.35804345967383e-05, 34714000000, 
-6.0508712169893286e-05, 3.6620470775054294e-05, -1.3353240737112859e-05, 34782000000, 
-5.38980432517322e-05, 4.799000744219276e-05, -1.2180120060401034e-05, 34850000000, 
-5.087242624524091e-05, 3.212095308217459e-05, -1.1018612111124427e-05, 34884000000, 
-4.899863213159161e-05, 1.6331370400468614e-05, -1.0251273441904315e-05, 34952000000, 
-3.0635102315657026e-05, 6.745774643194628e-05, -8.700410712832636e-06, 35020000000, 
-1.7210845161541588e-05, 0.00010595928990016674, -6.456305307252682e-06, 35054000000, 
-9.337761442240744e-06, 7.099113624472093e-05, -3.812247261295957e-06, 35190000000, 
4.878837666533187e-06, 7.363227609358258e-05, -1.4446512624832763e-06, 35258000000, 
9.723388832705293e-06, 6.353716758315346e-05, 3.509643371331824e-07, 35326000000, 
1.3463512481104445e-05, 2.8615582715237526e-05, 1.871049265356195e-06, 35394000000, 
4.636809630531591e-06, -1.6955264007245674e-05, 1.8549140629560886e-06, 35496000000, 
4.636809630531591e-06, -2.9422342835242848e-05, 1.5158087828111751e-06, 35496000000, 
-1.8945604059017462e-05, -7.860804563183017e-05, -6.447989865302854e-07, 35598000000, 
-2.925398596326234e-05, -0.00011296931864597977, -2.904185359449881e-06, 35700000000, 
-3.3944789868622927e-05, -4.9997286032018216e-05, -5.4762919927268484e-06, 35734000000, 
-4.3702280723534326e-05, -4.816098253423995e-05, -7.126737103694639e-06, 35802000000, 
-5.635223247985044e-05, -7.469147537075838e-05, -8.93328687146718e-06, 35870000000, 
-7.008225500648724e-05, -8.793324760984304e-05, -1.1342451213991468e-05, 35904000000, 
-7.607592844188771e-05, -6.574565320679089e-05, -1.3500694395215026e-05, 35938000000, 
-7.375349841376444e-05, -1.2237478024257342e-05, -1.4660778790809292e-05, 36006000000, 
-6.53909844868239e-05, 3.561647985021269e-05, -1.4348027422831737e-05, 36108000000, 
-6.49297189261322e-05, 2.941259829210748e-05, -1.3604946788448035e-05, 36176000000, 
-5.599294469160743e-05, 3.132679931738824e-05, -1.2420909873637567e-05, 36210000000, 
-4.588549322159796e-05, 6.348075234844745e-05, -1.1120543789289172e-05, 36278000000, 
-3.447929326233501e-05, 7.171217143090806e-05, -9.090515411702693e-06, 36346000000, 
-2.5432949204706734e-05, 6.817514672297076e-05, -7.053182379242647e-06, 36414000000, 
-1.817275890725334e-05, 5.43551145169389e-05, -5.2056667582863385e-06, 36482000000, 
1.7847474013676923e-06, 9.072565535358142e-05, -2.7880640473728255e-06, 36550000000, 
1.0871628561781588e-05, 9.68146248967831e-05, -3.677588629402706e-07, 36618000000, 
1.449350108889691e-05, 4.2362512291764055e-05, 1.8099918034697459e-06, 36652000000, 
8.541957818797297e-06, -7.76556914328097e-06, 2.260472497965053e-06, 36754000000, 
-3.747176541224473e-06, -6.080225876707127e-05, 1.2858854910979823e-06, 36856000000, 
-9.288552264841154e-06, -5.943503361212817e-05, -2.9958473248455536e-07, 36924000000, 
-1.229324404827814e-05, -2.848689169017889e-05, -1.6885981902895845e-06, 36992000000, 
-1.2032339868739417e-05, -9.145958679660874e-06, -2.2409424121239143e-06, 37060000000, 
-2.203848384429996e-05, -3.248413265340607e-05, -3.090937850754501e-06, 37128000000, 
-3.072382957514108e-05, -6.230496568800555e-05, -4.3196435525453636e-06, 37162000000, 
-4.393868297652981e-05, -7.300066377409949e-05, -6.446733093064724e-06, 37264000000, 
-6.309353185318667e-05, -0.0001078990075934853, -9.18373629365717e-06, 37332000000, 
-8.624904630971653e-05, -0.00014103454444395572, -1.2885417409295533e-05, 37366000000, 
-9.522644969872651e-05, -0.00010710972615179948, -1.6304601857441982e-05, 37468000000, 
-9.30725860083248e-05, -2.274513232869424e-05, -1.830320546778452e-05, 37502000000, 
-8.787435660018161e-05, 2.450697699514966e-05, -1.841155948714886e-05, 37604000000, 
-7.236759888679112e-05, 6.90166237384456e-05, -1.68876360996865e-05, 37706000000, 
-6.028931646751001e-05, 9.1950133775572e-05, -1.4702084796965516e-05, 37740000000, 
-5.717583208558752e-05, 5.063922267067866e-05, -1.2655516495992577e-05, 37842000000, 
-5.1707122671773575e-05, 2.860731265245479e-05, -1.1278151414991406e-05, 37910000000, 
-5.463133362804129e-05, 8.481661525154097e-06, -1.0900952559026825e-05, 38012000000, 
-4.986440929943825e-05, 6.142377907784417e-06, -1.041352437328354e-05, 38046000000, 
-4.560588571228541e-05, 3.008482638585293e-05, -1.0006775242650996e-05, 38148000000, 
-4.9512223763203966e-05, 1.1739517874476135e-06, -9.665501251661842e-06, 38216000000, 
-5.897928392967211e-05, -4.457799405795567e-05, -1.0273159560344099e-05, 38318000000, 
-5.883917936411187e-05, -3.108985200302635e-05, -1.115537913713253e-05, 38352000000, 
-5.686765941331773e-05, 7.038748387847941e-06, -1.164574151380678e-05, 38420000000, 
-5.686765941331773e-05, 6.571733169313809e-06, -1.1504966546049821e-05, 38420000000, 
-5.418321972422424e-05, 8.948132296978292e-06, -1.119456923672398e-05, 38556000000, 
-5.383323397234463e-05, 1.011475146991033e-05, -1.0992274207325773e-05, 38624000000, 
-4.677941283437459e-05, 2.467935629949884e-05, -1.031972443539623e-05, 38692000000, 
-5.17872878563197e-05, 6.819820386749775e-06, -1.0159995644202594e-05, 38726000000, 
-5.867296995237803e-05, -3.96451903933448e-05, -1.0482644709538154e-05, 38828000000, 
-7.11062761847292e-05, -6.439662776136501e-05, -1.2104435599561795e-05, 38862000000, 
-6.872299001020599e-05, -3.3500066859426525e-05, -1.3233482409820881e-05, 38896000000, 
-6.753767034572977e-05, 1.189535279666476e-05, -1.382446243604433e-05, 38998000000, 
-7.372010147815855e-05, -1.6657038226508547e-05, -1.3998717455606287e-05, 39066000000, 
-7.851441099371304e-05, -3.6589135493277546e-05, -1.4651478854506758e-05, 39100000000, 
-6.835307440966609e-05, 1.7890090228308193e-05, -1.4705839125435844e-05, 39168000000, 
-5.478970816452655e-05, 7.908234276395494e-05, -1.3443812904527044e-05, 39236000000, 
-4.024532463098307e-05, 9.369249926227674e-05, -1.0892540480345048e-05, 39338000000, 
-2.7042632827545265e-05, 9.249025112327096e-05, -8.138511041536992e-06, 39372000000, 
-1.6009272072625702e-05, 8.078684186119123e-05, -5.5531486354102695e-06, 39508000000, 
-1.751793941295876e-06, 8.430279628749797e-05, -2.9869132560977895e-06, 39576000000, 
4.810734910987158e-07, 5.496781854574806e-05, -1.151999501521524e-06, 39610000000, 
4.884561151163869e-06, 2.2121183641532483e-05, 2.4092271339778055e-07, 39712000000, 
-1.5267614300040755e-06, -6.692783070342638e-06, 2.559248808172339e-07, 39746000000, 
-5.749475541216853e-06, -3.5446788974602406e-05, -1.5944505467047064e-07, 39848000000, 
-1.1689166233674886e-05, -3.38746826789027e-05, -1.264360213659721e-06, 39950000000, 
-1.0678016675258473e-05, -1.64284704468054e-05, -1.8744438966766806e-06, 40018000000, 
-5.241215712548097e-06, 2.1493168403755963e-05, -1.8405599080987637e-06, 40052000000, 
-4.956367311736987e-06, 1.907216454507162e-05, -1.391706646636237e-06, 40120000000, 
-6.102529474083518e-06, -2.871045871784735e-06, -1.0866741665579067e-06, 40188000000, 
-1.970393990724517e-05, -4.915857531836062e-05, -2.0508557795377117e-06, 40256000000, 
-2.937478398246096e-05, -7.757418169459147e-05, -3.6787502242526434e-06, 40324000000, 
-3.7420219510975183e-05, -5.905426534576671e-05, -5.7665962267120875e-06, 40392000000, 
-3.909197628199079e-05, -3.239064099843277e-05, -7.059131985028462e-06, 40460000000, 
-3.909197628199079e-05, -5.57252257005203e-06, -7.706944804997117e-06, 40460000000, 
-3.829476544064958e-05, 2.657369471137372e-06, -7.765247866975411e-06, 40562000000, 
-2.3703690074317052e-05, 5.129428735891247e-05, -6.739362119797162e-06, 40630000000, 
2.1605179235661964e-06, 0.00013485094454738591, -3.989195839426696e-06, 40732000000, 
2.2445497752765498e-05, 0.00015383062609027517, 6.015504013430946e-08, 40766000000, 
4.325994311904502e-05, 0.0001369980839849294, 4.524397253025114e-06, 40834000000, 
5.116922458586748e-05, 9.574575611033993e-05, 7.7916443638452e-06, 40902000000, 
6.023620858319756e-05, 5.658755154717513e-05, 1.0311025085874004e-05, 40936000000, 
6.453106378451201e-05, 4.4539463995481775e-05, 1.1729099796905136e-05, 41038000000, 
5.904398384898313e-05, -3.974082447381437e-06, 1.2254083747779512e-05, 41106000000, 
5.469664442275812e-05, -3.278139787251296e-05, 1.1884779470416884e-05, 41174000000, 
4.5781302002834146e-05, -4.420893948716328e-05, 1.063479535163836e-05, 41208000000, 
3.4926533049151054e-05, -6.59003712453569e-05, 9.026965298316221e-06, 41310000000, 
2.7858453424844942e-05, -5.9742828593297347e-05, 7.237752565122009e-06, 41378000000, 
2.6691407480072815e-05, -2.745041856359413e-05, 5.965092930271254e-06, 41446000000, 
2.0017423809526314e-05, -2.6136765384395428e-05, 4.971152314296271e-06, 41480000000, 
9.01367152023047e-06, -5.892578653280781e-05, 3.7148335206553067e-06, 41548000000, 
3.3888146234728467e-06, -5.542869728684489e-05, 2.1613273302153088e-06, 41616000000, 
3.898110735589544e-06, -1.7051869282136423e-05, 1.0867064586195242e-06, 41684000000, 
6.158700531666561e-06, 9.232953027312382e-06, 8.963750593819301e-07, 41718000000, 
3.7510764752668457e-06, -4.901142010756606e-07, 9.2052584950153e-07, 41752000000, 
2.5820866623726957e-06, -1.1922046230979552e-05, 8.327909112870735e-07, 41820000000, 
2.8993335228211237e-06, -2.8391431748190734e-06, 6.154997773640443e-07, 41854000000, 
-6.139178322872585e-06, -2.9070883284150934e-05, -4.38505425119177e-08, 41956000000, 
-3.859825695173846e-06, -2.25305307266499e-05, -4.733113663483538e-07, 41990000000, 
-5.922712136507968e-06, 7.215539545487223e-07, -1.0614477436369599e-06, 42058000000, 
-4.083462446735631e-06, -7.45455838539281e-07, -9.24400018561163e-07, 42092000000, 
6.175476154224313e-06, 4.032729430244094e-05, -2.553798952679524e-07, 42194000000, 
1.6940240992469047e-05, 7.007901146401559e-05, 1.268816979997182e-06, 42262000000, 
2.61570409123002e-05, 6.660521586025296e-05, 3.2848505372662374e-06, 42330000000, 
3.157737067877031e-05, 4.879043228767088e-05, 4.97831017223597e-06, 42398000000, 
3.3405104150174836e-05, 2.4160210792915453e-05, 6.075967716083023e-06, 42500000000, 
3.56093785671141e-05, 1.3440026294479305e-05, 6.706123559737283e-06, 42534000000, 
3.286132571933553e-05, -1.8125947694643447e-06, 6.7917205624416315e-06, 42636000000, 
3.097080621516923e-05, -1.546190783981623e-05, 6.629434033441258e-06, 42670000000, 
2.234255429639509e-05, -3.506257140980148e-05, 5.7449790820599905e-06, 42738000000, 
2.5028149503170116e-05, -1.9808855706663724e-05, 5.2227673343156295e-06, 42806000000, 
2.5782658981121642e-05, 1.1467015615755175e-05, 4.87689085204579e-06, 42908000000, 
2.457681546341739e-05, -1.5044467991757553e-06, 5.025841596513943e-06, 42976000000, 
3.0987140318572415e-05, 1.7348271124835907e-05, 5.423107650874097e-06, 43010000000, 
2.0376812212397066e-05, -1.4000010836734411e-05, 5.062717866292458e-06, 43044000000, 
2.0376812212397066e-05, -3.536776035391783e-05, 4.7827176495577694e-06, 43044000000, 
8.09189125822174e-06, -4.0949736513917756e-05, 3.256367712201058e-06, 43146000000, 
6.363999711433976e-06, -4.67093750032103e-05, 2.322180212136852e-06, 43214000000, 
9.420551604744087e-06, 4.42886782174116e-06, 1.5917628382933201e-06, 43282000000, 
1.0709433384992195e-05, 1.448477891186073e-05, 1.7662656467446839e-06, 43350000000, 
8.802935578089421e-06, -2.0587200888488866e-06, 1.92886137118838e-06, 43418000000, 
3.1176698849777473e-06, -2.5305878333381493e-05, 1.508669256537291e-06, 43486000000, 
4.252878831656481e-06, -1.5166855821443134e-05, 1.07823228631491e-06, 43588000000, 
8.633525445223e-06, 1.838618520081751e-05, 1.0669382774571485e-06, 43656000000, 
2.291341570592742e-06, -6.5384575368791315e-06, 1.0118497231648149e-06, 43758000000, 
1.6544753836944537e-05, 2.6370761305738455e-05, 1.8313080568506853e-06, 43792000000, 
2.3940478200257242e-05, 7.216378876554834e-05, 2.851771573852968e-06, 43860000000, 
1.8051506766203484e-05, 5.022509764196492e-06, 3.902449253560351e-06, 43962000000, 
1.94402031379326e-05, -1.5000916874415479e-05, 4.095479206959555e-06, 44030000000, 
1.746860364781888e-05, -1.9430103946153445e-06, 3.6640209034636642e-06, 44098000000, 
1.832783949751171e-05, -3.7078788014029604e-06, 3.6824430855508793e-06, 44166000000, 
1.3466301807374403e-05, -1.3341006134814926e-05, 3.2841829968469995e-06, 44234000000, 
9.840783432468747e-06, -2.8290186883476547e-05, 2.775661649156991e-06, 44302000000, 
4.555645333415015e-06, -2.9702188246531296e-05, 1.8575153715505443e-06, 44370000000, 
2.89662489938447e-06, -2.3147195110280922e-05, 1.1528702443512155e-06, 44472000000, 
-1.215636124901609e-05, -5.570668860810368e-05, -3.1360606774777364e-07, 44540000000, 
-2.347777613420643e-05, -8.791467011196967e-05, -2.18250083225587e-06, 44574000000, 
-2.9567333439228793e-05, -5.803657396737568e-05, -4.346764721496754e-06, 44676000000, 
-2.9567333439228793e-05, -2.0298524350074548e-05, -5.507496200844267e-06, 44676000000, 
-3.196384016829201e-05, -7.988355763544064e-06, -6.07323380311664e-06, 44778000000, 
-3.2197619808604916e-05, -8.767621231253742e-06, -6.2485862277417145e-06, 44812000000, 
-2.86524899287266e-05, 1.1037834131884713e-05, -6.187596660374902e-06, 44880000000, 
-1.0345826266189295e-05, 7.283931180805207e-05, -4.746395733568054e-06, 44948000000, 
4.480785396387965e-06, 0.00011044425108371521, -2.301168719901862e-06, 45016000000, 
3.1139720971240514e-06, 4.486599454437782e-05, -1.8340458484515192e-07, 45118000000, 
-5.833659242227007e-06, -3.438148212871658e-05, 1.1740655008566728e-07, 45186000000, 
-5.295312380138029e-06, -2.8030948257540267e-05, -5.343333016827323e-07, 45254000000, 
-2.7158804513649493e-06, 1.0392595969540194e-05, -9.229901382486657e-07, 45322000000, 
-2.7158804513649493e-06, 8.598106429243598e-06, -7.151382188578618e-07, 45322000000, 
1.9821404012576593e-07, 9.71364830496905e-06, -3.4890312417360884e-07, 45424000000, 
-1.4156947803878328e-05, -3.8136891175044596e-05, -1.1116409476745007e-06, 45458000000, 
-2.7393426602018156e-05, -9.197213547381307e-05, -2.7568106910513814e-06, 45526000000, 
-2.728796398676625e-05, -4.377005394295974e-05, -4.589222559510849e-06, 45594000000, 
-2.891234354385208e-05, -5.063056472779752e-06, -5.572915608842432e-06, 45662000000, 
-3.553398386163531e-05, -2.74867329162302e-05, -6.115619426150243e-06, 45764000000, 
-3.6013320390326786e-05, -2.366992282158235e-05, -6.697309853054278e-06, 45832000000, 
-2.868934093419595e-05, 2.2815476424797865e-05, -6.682443012410536e-06, 45900000000, 
-1.5359601885922558e-05, 6.88457283480141e-05, -5.337484214029687e-06, 45934000000, 
-1.1440853562860731e-06, 9.181751859303293e-05, -3.0128685450936388e-06, 46036000000, 
1.3900187169568756e-05, 9.753263018497105e-05, -1.73566671509325e-07, 46070000000, 
3.265255073831019e-05, 0.00011265545364865422, 3.027243503439525e-06, 46138000000, 
4.6499203496197516e-05, 0.0001086633877554292, 6.203462760271764e-06, 46206000000, 
5.383638110773026e-05, 7.061276789806688e-05, 8.865875689482531e-06, 46274000000, 
5.813657365089098e-05, 3.87912338489782e-05, 1.056481055032125e-05, 46308000000, 
4.9883136834516506e-05, -1.3177480910712506e-05, 1.0790406106209182e-05, 46410000000, 
3.960543097919489e-05, -6.17704755723203e-05, 9.841676097640158e-06, 46478000000, 
3.191584041489781e-05, -5.9890988065395646e-05, 8.093627215240613e-06, 46546000000, 
2.8403991041203724e-05, -3.733813312663722e-05, 6.661684162353095e-06, 46580000000, 
1.9348309693800747e-05, -4.189176907032355e-05, 5.311209409993486e-06, 46648000000, 
-6.585754095622676e-06, -0.00011663248378942133, 2.744436442625453e-06, 46682000000, 
-3.14862953076922e-05, -0.00016944868333830984, -1.2482493139676087e-06, 46750000000, 
-4.233868800190832e-05, -0.00011917644635428548, -5.36071582701488e-06, 46818000000, 
-4.1577562320205264e-05, -3.363755670837687e-05, -7.693503041987052e-06, 46886000000, 
-4.4726456190136155e-05, -7.959227294092782e-06, -8.576180434149983e-06, 46954000000, 
-5.1374914775526026e-05, -3.2657841517735875e-05, -9.178595552391163e-06, 47022000000, 
-5.079819755121617e-05, -2.0239137870266728e-05, -9.79330456779189e-06, 47090000000, 
-3.996732725974894e-05, 3.802529171925695e-05, -9.476029305766076e-06, 47158000000, 
-2.8976233961863773e-05, 7.273987863117466e-05, -7.982783918188593e-06, 47260000000, 
-2.3672986200984347e-05, 5.431447019588198e-05, -6.174436494839804e-06, 47328000000, 
-1.7204920825741876e-05, 3.923771045373966e-05, -4.656942732572666e-06, 47396000000, 
-1.1138505325136716e-05, 4.17816029194921e-05, -3.4677608234575294e-06, 47464000000, 
-3.5173141991196033e-06, 4.562535542207424e-05, -2.1240493566665465e-06, 47532000000, 
1.76277981212003e-06, 4.300428379085582e-05, -8.595359808090859e-07, 47600000000, 
1.3391911551807745e-05, 5.6364085836424493e-05, 7.758251443205448e-07, 47634000000, 
1.7423403328109544e-05, 5.220207838663171e-05, 2.1718729794691544e-06, 47736000000, 
2.3243392438754285e-05, 3.2838269623155135e-05, 3.6039138212447713e-06, 47804000000, 
3.2726116981962594e-05, 5.10090455128435e-05, 4.8928608499217615e-06, 47906000000, 
3.089133048100878e-05, 2.5493126807514994e-05, 5.790722660115044e-06, 47974000000, 
1.812299378145532e-05, -4.8677077335024244e-05, 5.449362749628446e-06, 48008000000, 
1.812299378145532e-05, -4.256112233184487e-05, 4.475821202927962e-06, 48008000000, 
-1.167757991638041e-06, -6.430250591031121e-05, 2.33854863808484e-06, 48144000000, 
-1.7939410359268937e-05, -0.00012020801380241419, -6.561163796344378e-08, 48212000000, 
-2.325880417469728e-05, -7.363682061019745e-05, -2.824398168373617e-06, 48280000000, 
-3.3139987618613365e-05, -5.0668590864481423e-05, -4.955880143505305e-06, 48382000000, 
-3.896609392939343e-05, -5.235763251565384e-05, -6.357659048180271e-06, 48450000000, 
-3.976899597418759e-05, -2.2096694518580762e-05, -7.458338501479626e-06, 48484000000, 
-3.976899597418759e-05, -2.6763401493138752e-06, -7.900272391851241e-06, 48484000000, 
-2.9840891695998017e-05, 3.3093680927298585e-05, -7.291925576291547e-06, 48620000000, 
-2.9051120458090107e-05, 3.572625172032495e-05, -6.577400541885048e-06, 48688000000, 
-2.288262976612998e-05, 2.3194206432893456e-05, -5.451642794681207e-06, 48756000000, 
-1.5566806567446356e-05, 4.49477129688125e-05, -4.5000371194444295e-06, 48790000000, 
-1.4302849985214916e-05, 2.859926593638355e-05, -3.516819087919417e-06, 48858000000, 
-2.097708451592739e-05, -1.8034259828270116e-05, -3.3897827379059107e-06, 48926000000, 
-2.6380240594925386e-05, -4.02579686990349e-05, -4.110678339737846e-06, 49028000000, 
-3.196640531555328e-05, -3.66310693320863e-05, -5.2882486950937375e-06, 49096000000, 
-3.671444663250201e-05, -3.4447353458588736e-05, -6.337406169532045e-06, 49164000000, 
-3.320794643363323e-05, -4.138470393599825e-06, -6.7925865587792345e-06, 49198000000, 
-2.478723636428759e-05, 3.975736756071472e-05, -6.313975295361522e-06, 49300000000, 
-2.6205313487626114e-05, 2.3342109820023715e-05, -5.613366419036462e-06, 49368000000, 
-1.761523158838596e-05, 2.3906682586338768e-05, -4.5738520960199775e-06, 49402000000, 
-1.5208563020063792e-07, 8.684409285808492e-05, -2.931508713747514e-06, 49436000000, 
2.125592727469927e-05, 0.00012957052954361745, 2.3257400374084489e-07, 49504000000, 
2.6712456675681562e-05, 8.954847435294067e-05, 3.187753221345346e-06, 49606000000, 
1.8782697669916804e-05, -8.244098682608225e-06, 4.450072108019843e-06, 49640000000, 
1.4043113568118493e-05, -4.2231143691876895e-05, 3.969217860914457e-06, 49708000000, 
2.1126910955460154e-05, 7.814044285144503e-06, 3.59684814623303e-06, 49776000000, 
2.5443812345649075e-05, 3.8002329258435275e-05, 4.0409224579485145e-06, 49878000000, 
2.9697707622455827e-05, 2.856932222331891e-05, 5.0845620615710034e-06, 49946000000, 
3.1601014556126295e-05, 2.0524007368257397e-05, 5.782835634948747e-06, 50014000000, 
3.763085793850873e-05, 2.644383438684302e-05, 6.59530534113939e-06, 50082000000, 
4.2845922153478266e-05, 3.748302532450657e-05, 7.4718529765408865e-06, 50150000000, 
5.4723135564371805e-05, 5.6974258752876907e-05, 9.01332771042392e-06, 50252000000, 
6.187147848590868e-05, 6.341852110810138e-05, 1.0629369080250584e-05, 50320000000, 
6.48636012797188e-05, 3.380155238448997e-05, 1.2097214355333286e-05, 50354000000, 
6.342687964472349e-05, 5.1846705293826885e-06, 1.2677463960690065e-05, 50422000000, 
5.392071973980839e-05, -3.6476271799701365e-05, 1.214741337761671e-05, 50490000000, 
5.592233055767837e-05, -2.5015163623483733e-05, 1.1551328662814015e-05, 50558000000, 
5.636035411110685e-05, 8.132114570994867e-06, 1.1080226960572907e-05, 50626000000, 
6.455494006529783e-05, 2.8775365025398198e-05, 1.1789174982272202e-05, 50694000000, 
5.435458526265036e-05, -6.685896161521636e-06, 1.1684658629270335e-05, 50762000000, 
3.8019224900709414e-05, -8.845238388196137e-05, 1.0461916681910506e-05, 50796000000, 
1.5288387753331634e-05, -0.00013022065836439575, 7.17747986111276e-06, 50864000000, 
3.793808667718057e-06, -0.00011408472077663785, 3.806761421450607e-06, 50966000000, 
6.3801044016820185e-06, -2.969427783883205e-05, 1.6974867215154473e-06, 51034000000, 
7.24198675233767e-06, 1.1493926948732044e-05, 1.1610599881158497e-06, 51102000000, 
1.8204476968541883e-05, 3.941457522286621e-05, 2.1217712081707715e-06, 51204000000, 
2.7309813537435e-05, 6.689275595032444e-05, 3.5170851505543037e-06, 51238000000, 
2.4309946004941185e-05, 2.035156345466434e-05, 4.654949100727871e-06, 51340000000, 
1.4831891388400464e-05, -4.1593073830115124e-05, 4.430110062051777e-06, 51374000000, 
5.343011387992647e-06, -6.322311538982846e-05, 2.9656565854222864e-06, 51442000000, 
3.255153162295965e-06, -3.858912742034833e-05, 1.5620037292459385e-06, 51510000000, 
5.641874194994845e-06, 9.962093566739938e-07, 9.493359163522304e-07, 51544000000, 
-8.553305473835149e-06, -3.9361528787103715e-05, 2.29147922303774e-08, 51646000000, 
-2.652787779577892e-05, -0.00010723250663591255, -1.962620604974615e-06, 51748000000, 
-3.8752036643163734e-05, -0.00010066243723109529, -4.922214660851854e-06, 51816000000, 
-3.4650509311950906e-05, -2.7075438387239952e-05, -6.662028250059571e-06, 51850000000, 
-3.2906459265680255e-05, 1.9485257924944932e-05, -7.087267014719659e-06, 51952000000, 
-3.769242817791563e-05, -1.0139729553215737e-05, -7.016626450369786e-06, 52020000000, 
-2.0694539920984578e-05, 4.070639781565225e-05, -6.0862284909720305e-06, 52088000000, 
-1.6161048014828872e-06, 0.0001202544112547758, -4.000204860025539e-06, 52156000000, 
1.0846260026009524e-05, 0.00010513599982331367, -7.642923130971961e-07, 52224000000, 
2.038467687176526e-05, 7.333593891082717e-05, 1.974322139752793e-06, 52292000000, 
4.0425759479323364e-05, 9.859833151104613e-05, 4.777113091806544e-06, 52360000000, 
4.4943225884053195e-05, 8.186183004095977e-05, 7.050244149009454e-06, 52428000000, 
4.086108490219953e-05, 1.4510847429205498e-06, 8.415338017705072e-06, 52462000000, 
3.24486254841827e-05, -4.164866799956831e-05, 7.883529084695694e-06, 52564000000, 
1.791089179326022e-05, -7.650064369646437e-05, 6.08137347864283e-06, 52632000000, 
8.548209164294107e-06, -7.966805439962865e-05, 3.927181762782469e-06, 52700000000, 
1.1706867230010243e-05, -2.0680081877499923e-05, 2.5443978791709712e-06, 52768000000, 
7.362225076690265e-06, -3.953280292012806e-06, 1.841153431399641e-06, 52802000000, 
-3.6751130224610407e-06, -5.127326750823761e-05, 1.0262652856159645e-06, 52870000000, 
-1.5585516177751835e-05, -7.649247084814033e-05, -7.93226941568174e-07, 52938000000, 
-1.4308502136850532e-05, -3.54446303812983e-05, -2.2379420891375606e-06, 53040000000, 
-1.617530219211183e-05, -1.9659533811999808e-06, -3.0712880337809464e-06, 53108000000, 
-2.0029966546875055e-05, -1.907154803341508e-05, -3.3675847250558276e-06, 53176000000, 
-2.0029966546875055e-05, -1.2848881182544089e-05, -3.7490156857241294e-06, 53176000000, 
-4.552871444046813e-05, -8.499582631197693e-05, -5.70590983561455e-06, 53312000000, 
-5.6256998546999615e-05, -0.00012075677333374853, -8.12104530228952e-06, 53414000000, 
-6.613744704681013e-05, -6.869577535447331e-05, -1.1194877335618525e-05, 53482000000, 
-7.541766362723079e-05, -6.386888360077059e-05, -1.3187473948069368e-05, 53516000000, 
-8.742694853297595e-05, -7.096500495388607e-05, -1.5265470613801124e-05, 53584000000, 
-8.775286988677022e-05, -4.1117354198464774e-05, -1.6706498803131797e-05, 53652000000, 
-8.775286988677022e-05, -1.0864045126475947e-06, -1.7528845887101092e-05, 53652000000, 
-8.369274061048593e-05, 1.3533764254280989e-05, -1.7279898692268425e-05, 53788000000, 
-8.70359437039614e-05, 2.389753942696101e-06, -1.7232103613414503e-05, 53856000000, 
-8.348772987437636e-05, 6.833691203652256e-07, -1.694776094592158e-05, 53890000000, 
-7.61838262390846e-05, 3.617372488292266e-05, -1.6447166654494824e-05, 53992000000, 
-6.722168663930717e-05, 5.4220144116897316e-05, -1.5126216183517875e-05, 54060000000, 
-5.312057817263849e-05, 7.687749355482036e-05, -1.3101739403402016e-05, 54128000000, 
-3.88251967262665e-05, 9.465496637680222e-05, -1.0611164102547476e-05, 54162000000, 
-2.899957524282737e-05, 8.04033430993704e-05, -8.063023342782157e-06, 54196000000, 
-2.3224894615092584e-05, 5.200100703724638e-05, -6.069977772279096e-06, 54264000000, 
-1.4746428689871305e-05, 4.7510488509853545e-05, -4.46472656985275e-06, 54332000000, 
-1.3280871460852328e-05, 3.314674384746752e-05, -3.4168129843877477e-06, 54400000000, 
-1.0674051431958098e-05, 1.3574590859710689e-05, -2.5800901055121154e-06, 54468000000, 
-1.4698062132778578e-05, -4.723968906420832e-06, -2.5768656683726003e-06, 54536000000, 
-1.5329022947097037e-05, -1.5516571717129796e-05, -2.7134091007889143e-06, 54604000000, 
-1.0545973146980359e-05, 1.3840296619327397e-05, -2.704870548457065e-06, 54672000000, 
-2.1273511268127265e-06, 4.400557273428104e-05, -1.8668231480593414e-06, 54740000000, 
6.852007068403054e-06, 5.799326738461138e-05, -3.880878136926687e-07, 54774000000, 
4.523850113125061e-06, 2.2170670799792624e-05, 6.165670703143593e-07, 54842000000, 
-3.2350343354137223e-07, -2.3918368339814755e-05, 7.368235831991161e-07, 54910000000, 
-6.860106278094857e-06, -3.7946521304066394e-05, -1.7731730656741125e-07, 55012000000, 
-1.0938694013917782e-05, -3.53839686012547e-05, -1.2081535817036008e-06, 55080000000, 
-1.2277384278780445e-05, -1.8057593335618627e-05, -2.0050789713862057e-06, 55148000000, 
-1.419753529358081e-05, -1.0862804265543424e-05, -2.494240905751936e-06, 55216000000, 
-1.9302992599279367e-05, -2.341869440166307e-05, -3.051860811442708e-06, 55284000000, 
-1.5907503918777266e-05, -5.699895417321521e-06, -3.2938687874424962e-06, 55352000000, 
-8.788123707526019e-06, 3.504956297251116e-05, -2.9332413483721767e-06, 55420000000, 
-1.3327963751086358e-05, 8.59846722563636e-06, -2.534906091825976e-06, 55522000000, 
-1.8845138570255937e-05, -3.3523382875766394e-05, -2.7307484019245543e-06, 55624000000, 
-1.618488574367527e-05, -9.523073308629707e-06, -3.223865871001171e-06, 55658000000, 
-4.977916092219203e-06, 4.6224074926789115e-05, -2.667196027076694e-06, 55726000000, 
-4.5291010931647335e-06, 3.885261550170179e-05, -1.7127935286039472e-06, 55794000000, 
-1.5410897354350972e-06, 1.145608785594702e-05, -7.365404613879356e-07, 55896000000, 
4.1826859520366355e-06, 2.903929015067123e-05, -1.2583365843754635e-07, 55930000000, 
2.322016107725311e-07, 5.910971154025428e-06, 1.9158652182493795e-07, 55998000000, 
-7.2743849311995845e-06, -3.819023627745407e-05, -1.9063315789269453e-07, 56066000000, 
-1.2017567349642544e-05, -4.0832563201383586e-05, -1.2706500446713064e-06, 56134000000, 
-1.4083340982462556e-05, -2.269652017087657e-05, -2.225019550886979e-06, 56236000000, 
-7.45095983173405e-06, 1.522202505969498e-05, -2.23679121092261e-06, 56270000000, 
7.984814081041236e-07, 4.9606074635222264e-05, -1.3823879604061655e-06, 56338000000, 
5.557366936526087e-06, 4.336108922753379e-05, -7.300743247358928e-08, 56440000000, 
1.1088419280547157e-05, 3.4299792908143445e-05, 1.1629511750118245e-06, 56508000000, 
1.2568051489192378e-05, 2.3368948508887637e-05, 1.9475891804177083e-06, 56576000000, 
4.0688147467937696e-07, -3.5605126019559265e-05, 1.6042234829612607e-06, 56644000000, 
-8.66800434684567e-06, -7.078685278679349e-05, 2.8712857446840564e-07, 56712000000, 
-7.664692325159983e-06, -2.6905245999464533e-05, -1.061721013155085e-06, 56814000000, 
-1.7165576934319304e-06, 2.3171488844712467e-05, -1.2032836243625056e-06, 56882000000, 
1.8043382192245438e-06, 3.1563435147948425e-05, -5.051274532911579e-07, 56950000000, 
5.770605661203909e-06, 2.4957211182119465e-05, 3.905590791331015e-07, 57086000000, 
5.502294916026607e-06, 1.2326522322673542e-05, 8.718159197636706e-07, 57154000000, 
1.4640526199982684e-05, 2.956640179592925e-05, 1.7275617851475465e-06, 57222000000, 
2.237429384049916e-05, 5.623999641490851e-05, 2.834474330433897e-06, 57290000000, 
3.0991748525999174e-05, 5.450407442005497e-05, 4.533771237765401e-06, 57358000000, 
2.557320512214245e-05, 1.0663037605477635e-05, 5.262616499242719e-06, 57426000000, 
2.557320512214245e-05, -1.8061811346189078e-05, 5.475877251352272e-06, 57426000000, 
1.2085220203406077e-05, -4.495994972912124e-05, 4.215442029846065e-06, 57528000000, 
7.05412810986239e-06, -6.17302567076002e-05, 2.9808368956940614e-06, 57596000000, 
4.194020775727392e-06, -2.6303998092262287e-05, 1.5555579392663906e-06, 57664000000, 
-4.80979610184562e-06, -3.95464140390267e-05, 4.292235189162774e-07, 57766000000, 
-2.0409271404286944e-05, -8.201097393338112e-05, -1.4016697820270114e-06, 57834000000, 
-2.404584799509113e-05, -6.412017297748503e-05, -3.2843277000815796e-06, 57868000000, 
-2.6523088461294364e-05, -2.0379390190024733e-05, -4.731880524044829e-06, 57936000000, 
-2.998472572190991e-05, -1.9796259089395935e-05, -5.3702441452196935e-06, 58004000000, 
-3.4393729360759906e-05, -2.623546966488514e-05, -6.0601029029309455e-06, 58072000000, 
-2.5057569225772625e-05, 1.6423854987124287e-05, -5.962401620562829e-06, 58140000000, 
-1.360709150077799e-05, 6.928879286660639e-05, -4.870559339154035e-06, 58208000000, 
5.462822869783945e-06, 0.0001017346403185219, -2.2134558571177777e-06, 58276000000, 
1.577415982334518e-05, 9.79375044137439e-05, 5.08659412823409e-07, 58378000000, 
2.6101674221845617e-05, 6.879617117353891e-05, 3.155910460998316e-06, 58446000000, 
3.6389470345676855e-05, 6.871770174110559e-05, 5.217686959391177e-06, 58480000000, 
3.6389470345676855e-05, 3.429265374610413e-05, 6.592040994213288e-06, 58480000000, 
4.452005286137428e-05, 2.7101941718991423e-05, 7.8199329035152e-06, 58616000000, 
4.866767763123114e-05, 4.092735761851429e-05, 8.638480055885485e-06, 58684000000, 
4.823083535537842e-05, 1.2369274980013797e-05, 9.42790438986559e-06, 58752000000, 
4.303923642973162e-05, -1.8761470671665077e-05, 9.329183294422746e-06, 58854000000, 
3.788927422160304e-05, -3.447187044591793e-05, 8.610623067114205e-06, 58922000000, 
3.417307963365923e-05, -2.9553855986907962e-05, 7.673439352332926e-06, 58956000000, 
2.7313234275072595e-05, -3.5253466488434824e-05, 6.625039208688991e-06, 59024000000, 
2.134471392273296e-05, -4.2761219036420904e-05, 5.522068522097653e-06, 59126000000, 
1.5986076402685345e-05, -3.77571929079575e-05, 4.309601640032727e-06, 59194000000, 
1.6271699956216246e-05, -1.6910046555055718e-05, 3.57349935210897e-06, 59262000000, 
2.5338477503633605e-05, 3.11746703364942e-05, 3.839750257502346e-06, 59364000000, 
3.6113309878349487e-05, 6.613869974044413e-05, 5.181565822546622e-06, 59432000000, 
4.106376983359361e-05, 5.2417641099866685e-05, 6.834370481038447e-06, 59534000000, 
4.081915562642591e-05, 1.5686152493588068e-05, 7.8664156892246e-06, 59568000000, 
3.9579731322902933e-05, -4.946795035635591e-06, 8.09751045219483e-06, 59636000000, 
3.9579731322902933e-05, -4.131414345076578e-06, 7.998574551482119e-06, 59636000000, 
3.0907948432912224e-05, -2.8905942966635696e-05, 7.337827405247873e-06, 59772000000, 
3.2057343723856935e-05, -2.5074625330153328e-05, 6.836334898644806e-06, 59840000000, 
2.579175709366277e-05, -1.7053971130831513e-05, 5.917136616695462e-06, 59908000000, 
1.3796885697525685e-05, -6.0868193421104166e-05, 4.776399101003026e-06, 60010000000, 
5.366951096930084e-06, -6.808268665577562e-05, 2.9970395925412357e-06, 60044000000, 
2.9450325832458546e-06, -3.61728437142661e-05, 1.4739246251801083e-06, 60146000000, 
-2.331467551575095e-06, -2.5661395495017263e-05, 3.987010752400562e-07, 60214000000, 
-1.0329412675202931e-06, -1.3259912835887159e-05, -2.7958415723302227e-08, 60316000000, 
-3.234097195048413e-07, 6.693526106900845e-06, -2.458545692400153e-07, 60350000000, 
8.400470624281287e-06, 3.1444706306005266e-05, 4.696079758170768e-07, 60418000000, 
1.556103293015587e-05, 5.294814216553571e-05, 1.575872922328821e-06, 60486000000, 
1.556103293015587e-05, 2.386854101958195e-05, 2.634835765639535e-06, 60486000000, 
1.0718107679663635e-05, -1.6143084168307453e-05, 2.7893449026650252e-06, 60622000000, 
2.0583685603203783e-06, -4.500888123278498e-05, 1.8891672780093256e-06, 60690000000, 
-4.9266819058257916e-06, -5.214929861829809e-05, 5.233196222772148e-07, 60758000000, 
-1.596208066434457e-05, -6.006816408221649e-05, -1.2553596006566655e-06, 60792000000, 
-2.0450765006507776e-05, -5.174694366893995e-05, -2.7559685051118756e-06, 60860000000, 
-2.1230693769802578e-05, -1.756204368486003e-05, -3.842902629376995e-06, 60928000000, 
-2.120314103487564e-05, -2.5079200945595423e-06, -4.192306654079066e-06, 60962000000, 
-2.212067578266641e-05, -2.966606709546108e-06, -4.303634039156308e-06, 61064000000, 
-1.6602298961110318e-05, 1.5336140245884405e-05, -3.995074385243491e-06, 61132000000, 
-2.7369729397874742e-06, 6.461234280959645e-05, -2.7639965122376133e-06, 61200000000, 
1.1639651988359923e-05, 9.413983649823414e-05, -5.133079941691912e-07, 61268000000, 
1.7015680584875348e-05, 6.584217841554274e-05, 1.7278906422298531e-06, 61336000000, 
1.7109442853602275e-05, 1.8232636217474507e-05, 3.0509850284558363e-06, 61404000000, 
1.420050334538514e-05, -9.383924131634025e-06, 3.2217084522575177e-06, 61472000000, 
2.4988520372193346e-05, 2.6263591728636904e-05, 3.753231104745384e-06, 61574000000, 
3.107299302429478e-05, 5.624163226303214e-05, 4.684134449458217e-06, 61642000000, 
2.6051533580206954e-05, 3.5433773600453597e-06, 5.474203131779672e-06, 61710000000, 
1.078440152407767e-05, -6.762863833405704e-05, 4.527261875238627e-06, 61778000000, 
2.76604698840055e-06, -7.761828863935467e-05, 2.640132139512345e-06, 61880000000, 
-5.976128131246483e-06, -5.586843218441384e-05, 5.049546920821157e-07, 61914000000, 
-1.9966582262054278e-05, -7.577543083484943e-05, -1.545110893660014e-06, 61982000000, 
-1.9966582262054278e-05, -4.6634847102692646e-05, -3.0606195103570026e-06, 61982000000, 
-4.542460786027824e-05, -8.486008532741322e-05, -5.69051815895912e-06, 62050000000, 
-4.90943401498245e-05, -9.709252629256741e-05, -7.632368684810469e-06, 62118000000, 
-3.7150606774505324e-05, 2.7580003619243065e-05, -8.77797031897387e-06, 62186000000, 
-2.5925551967953542e-05, 7.722929393956986e-05, -7.478033259485557e-06, 62254000000, 
-2.2667721978397726e-05, 4.827628265369199e-05, -5.7162587147237725e-06, 62322000000, 
-1.1306961302581797e-05, 4.872863555123915e-05, -3.993349016595537e-06, 62390000000, 
-1.0374228874843183e-06, 7.210099696971135e-05, -2.3341404112309228e-06, 62458000000, 
1.501126861708224e-05, 8.77274330655468e-05, 1.7779229513440835e-07, 62526000000, 
2.091867285791693e-05, 7.318698581800416e-05, 2.3261679058343234e-06, 62560000000, 
1.2763888047606642e-05, -7.491268564918663e-06, 3.2462553015070544e-06, 62628000000, 
5.11372335143534e-06, -5.2683165021605305e-05, 2.5864189504639274e-06, 62696000000, 
-5.692749140140396e-06, -6.15221239591568e-05, 8.12324150593439e-07, 62764000000, 
-1.0680276473273853e-05, -5.264666608236398e-05, -7.50620150798594e-07, 62832000000, 
-1.7513819113912366e-05, -3.94035665792399e-05, -2.2591229818217744e-06, 62900000000, 
-2.753911736863568e-05, -5.6196136317872757e-05, -3.7155475303881267e-06, 62968000000, 
-2.4242280441288955e-05, -2.2428204424588632e-05, -4.6196811282558e-06, 63070000000, 
-1.1282702302328751e-05, 5.41880502210231e-05, -4.204273340816892e-06, 63104000000, 
-8.59286844945295e-06, 5.216470663945335e-05, -2.941190079538044e-06, 63206000000, 
9.132801465638885e-07, 4.065327482964213e-05, -1.2641527070145209e-06, 63274000000, 
1.2217731935826315e-05, 6.936866795093088e-05, 3.025429088624835e-07, 63342000000, 
2.5706056677343714e-05, 8.264258843593275e-05, 2.5891379173155944e-06, 63376000000, 
2.9781895448666162e-05, 5.854721170946616e-05, 4.513712270789079e-06, 63444000000, 
3.278051680305483e-05, 2.3581533752370376e-05, 5.88456459527098e-06, 63512000000, 
3.268065244443896e-05, 9.662523319242666e-06, 6.349537646410663e-06, 63546000000, 
3.395920595133939e-05, 3.928963827615206e-06, 6.628025013255545e-06, 63614000000, 
3.441224822842148e-05, 5.7719859466084005e-06, 6.736807108279989e-06, 63682000000, 
2.5814756732689403e-05, -2.7148164062166618e-05, 6.279080727496685e-06, 63750000000, 
1.7992164395908006e-05, -5.4733612775044925e-05, 5.214611290467926e-06, 63818000000, 
1.4946894247414022e-05, -3.622620828425127e-05, 3.916921025067429e-06, 63920000000, 
1.4426277949231014e-05, -1.1886288155589972e-05, 3.1576891061702027e-06, 63988000000, 
1.3358836172705502e-05, -5.293526915695068e-06, 2.8488005579567025e-06, 64022000000, 
2.378635508909488e-05, 3.120025713287955e-05, 3.438097947402093e-06, 64090000000, 
3.545401602317311e-05, 7.365059950155868e-05, 4.839947152331566e-06, 64158000000, 
3.368861421942926e-05, 3.300753043444793e-05, 6.1952656887798165e-06, 64226000000, 
2.1580242809404737e-05, -4.6245910712561233e-05, 6.048191536800474e-06, 64294000000, 
1.558186629407876e-05, -6.035582641783499e-05, 4.723381554860851e-06, 64396000000, 
1.6565892258291193e-05, -1.6714501837045148e-05, 3.581866757451646e-06, 64498000000, 
1.5161383186190758e-05, -1.4016103596266778e-06, 3.1539427825707142e-06, 64600000000, 
6.15339647569435e-07, -5.316850870240586e-05, 2.1561743394700923e-06, 64668000000, 
-5.357559692664715e-06, -6.839647626285157e-05, 6.946108760730319e-07, 64736000000, 
-5.077210193549231e-06, -1.897516613706222e-05, -6.546286825763007e-07, 64804000000, 
-8.006627724821413e-06, -8.830226773855662e-06, -1.2294265074023573e-06, 64906000000, 
-4.046939542978745e-06, 3.4342355019016204e-06, -1.142051830756626e-06, 64974000000, 
6.0932950653458384e-06, 4.699974263389084e-05, -3.973514801636213e-07, 65008000000, 
6.0932950653458384e-06, 3.380078202774861e-05, 5.426433725141955e-07, 65008000000, 
1.922950216076691e-05, 4.37873569847369e-05, 2.0944061527639057e-06, 65178000000, 
2.6195425724351296e-05, 6.700710219668486e-05, 3.434548196697603e-06, 65212000000, 
2.9750154300400844e-05, 3.506884046544645e-05, 5.0116721457012695e-06, 65280000000, 
2.4218775974582663e-05, -6.5888324992287766e-06, 5.344290399955653e-06, 65348000000, 
2.0870069123102297e-05, -2.960028392432849e-05, 4.989266626539053e-06, 65416000000, 
1.0964415305625419e-05, -4.4181202229857476e-05, 3.7368840268873585e-06, 65518000000, 
5.510934552199753e-06, -5.1197115236341815e-05, 2.489694598728498e-06, 65586000000, 
-1.0418172088078048e-05, -7.127529131234489e-05, 4.038118513164749e-07, 65654000000, 
-1.6768357075536144e-05, -7.426430542578633e-05, -1.4450396407609627e-06, 65688000000, 
-1.8716134563445674e-05, -2.7659874917892086e-05, -3.0601775818039912e-06, 65790000000, 
-2.0460444250525178e-05, -1.2306957249963446e-05, -3.7296623926337996e-06, 65858000000, 
-1.7933344381382277e-05, 2.609300606877992e-06, -3.8073282130235417e-06, 65960000000, 
-2.9092755305548668e-05, -2.877437018341163e-05, -4.499102929163741e-06, 65994000000, 
-3.132865014865427e-05, -4.4651019224239974e-05, -5.2236499890390146e-06, 66062000000, 
-3.132865014865427e-05, -7.452982810352005e-06, -6.116670373523814e-06, 66062000000, 
-3.276764557252898e-05, -4.796651412915705e-06, -6.361663057989168e-06, 66232000000, 
-1.4419676741761478e-05, 5.6363244689642635e-05, -5.234398164196315e-06, 66266000000, 
2.102263356951184e-06, 0.00011623302976493388, -3.0056705971559517e-06, 66300000000, 
6.3057760317786204e-06, 6.908484257846699e-05, -4.007758235354449e-07, 66368000000, 
5.022333535831258e-06, 9.733567262933581e-06, 8.953581949707375e-07, 66436000000, 
1.5782871674030474e-06, -1.5758296214585243e-05, 8.604264490008617e-07, 66470000000, 
-1.0955686613467464e-05, -5.326006716432907e-05, -2.903377273488772e-07, 66572000000, 
-2.000142877539579e-05, -7.193238647599613e-05, -1.958588548097347e-06, 66640000000, 
-1.9088283863211153e-05, -2.7108657499145632e-05, -3.336359950138294e-06, 66708000000, 
-1.3559007025598646e-05, 2.147473916599048e-05, -3.509914644280373e-06, 66776000000, 
-7.164681029070419e-06, 3.9745342780469116e-05, -2.6541314611920146e-06, 66878000000, 
8.888927434891336e-06, 7.482644820163327e-05, -7.889840413185152e-07, 66946000000, 
2.6748339144067046e-05, 0.00011304340057712488, 1.8981723699925309e-06, 67048000000, 
4.01428307998386e-05, 0.00010417967788315756, 5.052006491919799e-06, 67116000000, 
5.1654067156237105e-05, 8.301909337390019e-05, 7.903015806676184e-06, 67150000000, 
6.927440026305298e-05, 9.710523154404793e-05, 1.0738086547941912e-05, 67218000000, 
6.927440026305298e-05, 5.873444368938626e-05, 1.2680191178822871e-05, 67218000000, 
9.037015699203677e-05, 7.031918909661261e-05, 1.5261263834542848e-05, 67354000000, 
0.00010478131390168066, 0.0001183563787954256, 1.762839141045136e-05, 67422000000, 
0.00011268955476606557, 7.439799258009601e-05, 2.052273504398553e-05, 67524000000, 
0.00011344933073742514, 2.8893389452481582e-05, 2.2061346627011424e-05, 67558000000, 
0.00010132525420514238, -3.788100186974397e-05, 2.1830942647242205e-05, 67626000000, 
8.595584811199597e-05, -9.164494208476388e-05, 2.00486955369709e-05, 67694000000, 
6.667445032515484e-05, -0.00011550267959995845, 1.693037017615288e-05, 67796000000, 
4.465557089189387e-05, -0.00013766759073367366, 1.3152391288602978e-05, 67830000000, 
2.9466404642131128e-05, -0.0001240268189434124, 9.38642839061199e-06, 67932000000, 
1.8284391787748433e-05, -8.790393034715145e-05, 6.160424488118228e-06, 67966000000, 
1.1538947726541515e-05, -5.975818971863204e-05, 3.952649610428072e-06, 68034000000, 
1.2016682547411062e-05, -2.0892364134457903e-05, 2.7893348041134005e-06, 68068000000, 
1.4703977240515531e-05, 1.0550098379913386e-05, 2.5506405009645407e-06, 68136000000, 
1.77692788138617e-05, 1.9175320888168795e-05, 2.9659959067858863e-06, 68204000000, 
2.6191092074689948e-05, 3.829038278058139e-05, 3.910956541937812e-06, 68272000000, 
4.109250108463858e-05, 7.774407423592293e-05, 5.670191464879348e-06, 68340000000, 
5.684223589380588e-05, 0.00010217047939705311, 8.27505527020896e-06, 68408000000, 
6.371036604496672e-05, 7.539288320109379e-05, 1.0776340201560744e-05, 68476000000, 
6.061974612819876e-05, 1.2591700781309592e-05, 1.207815653779809e-05, 68510000000, 
5.312390122480526e-05, -3.528821606720486e-05, 1.1830267559864716e-05, 68612000000, 
4.479506471166683e-05, -5.274893805510642e-05, 1.0569247470978056e-05, 68680000000, 
3.469437615644111e-05, -6.14317502278805e-05, 8.84088947286088e-06, 68714000000, 
1.9258610138517263e-05, -8.51215152438319e-05, 6.58320340044168e-06, 68782000000, 
9.704301547008853e-06, -8.330024869810752e-05, 4.2438191894644815e-06, 68850000000, 
5.792271615290279e-06, -4.488779507742328e-05, 2.3170122200544264e-06, 68952000000, 
6.330273303545297e-06, -1.1246760811545187e-05, 1.455123097722962e-06, 69020000000, 
6.362251961433696e-06, 1.899934487144724e-06, 1.2323197920179514e-06, 69088000000, 
9.985881611496161e-06, 1.218536102650288e-05, 1.5118937917650102e-06, 69156000000, 
4.345370057778908e-06, -6.7229396788492934e-06, 1.3795669087139176e-06, 69224000000, 
-4.454777131568388e-06, -4.8135529143548496e-05, 6.58431635847112e-07, 69292000000, 
-5.487729596853619e-06, -3.277699884877509e-05, -3.7314244470953995e-07, 69360000000, 
7.162234488045094e-06, 3.872337206537827e-05, -1.853514826917942e-07, 69428000000, 
1.5283045606384604e-05, 6.923591734412741e-05, 1.130503366505072e-06, 69496000000, 
1.9891411292605188e-05, 4.2430589348533644e-05, 2.822446092468992e-06, 69530000000, 
1.3238861538367175e-05, -6.8139468933914316e-06, 3.227554562490464e-06, 69598000000, 
3.953700483061429e-06, -5.3125702698479195e-05, 2.4722648876022525e-06, 69700000000, 
-6.557413619490138e-06, -6.598758385952437e-05, 7.090098934625644e-07, 69768000000, 
-2.5520807324763695e-05, -9.824835935941707e-05, -1.8749680307461601e-06, 69836000000, 
-3.89581526500371e-05, -0.00010800246343515656, -4.735758239619396e-06, 69904000000, 
-4.666230547978323e-05, -7.047166051673177e-05, -7.409417696972268e-06, 69972000000, 
-4.0392112418019543e-05, -4.7798658932748e-06, -8.400838036522658e-06, 70074000000, 
-4.170853020279974e-05, 1.6512584256611618e-05, -8.584196540040168e-06, 70108000000, 
-4.170853020279974e-05, -4.388059282600665e-06, -8.253944854907936e-06, 70108000000, 
-5.006819308733812e-05, -2.7865542948461258e-05, -8.899016899529174e-06, 70176000000, 
-6.006981974654435e-05, -6.12042984791487e-05, -1.0123102869112147e-05, 70244000000, 
-5.2699808614886656e-05, -8.772051758495122e-06, -1.0855854763251275e-05, 70346000000, 
-4.165982601406215e-05, 6.136664577494066e-05, -1.0295296958366211e-05, 70380000000, 
-4.216804654871842e-05, 3.510587355389413e-05, -9.101845411844481e-06, 70448000000, 
-4.8590932372749585e-05, -2.3103687862291444e-05, -8.827920329035344e-06, 70516000000, 
-6.0347804585469955e-05, -6.059919345583845e-05, -1.0073785567129198e-05, 70550000000, 
-7.881448624497134e-05, -0.00010074517957407252, -1.2516881546879392e-05, 70618000000, 
-0.00010271491883445671, -0.0001412237141632892, -1.61251473109932e-05, 70652000000, 
-0.00012130950877403679, -0.00014165007509688485, -2.0189260923564323e-05, 70720000000, 
-0.00013137217343200946, -9.55241819918425e-05, -2.369310673603353e-05, 70822000000, 
-0.00012787342280540237, -2.1879713437885268e-05, -2.5370340334096574e-05, 70856000000, 
-0.00012762744363359335, 1.2482432661387044e-05, -2.5791535991400346e-05, 70924000000, 
-0.00012314083204029158, 1.5775302550369297e-05, -2.5242779898619152e-05, 71026000000, 
-0.00011180641796809665, 5.273675221832234e-05, -2.4171646242798772e-05, 71060000000, 
-0.00010109534062280323, 7.348497139162784e-05, -2.2402839375412763e-05, 71128000000, 
-9.22024708459035e-05, 6.534649040731051e-05, -2.0340281962453557e-05, 71196000000, 
-8.952530191230768e-05, 3.8566795701651856e-05, -1.885487422540096e-05, 71264000000, 
-8.51335981669199e-05, 2.356290892994532e-05, -1.7790758061675404e-05, 71332000000, 
-8.027583079589506e-05, 3.083157038804204e-05, -1.6995648725008176e-05, 71366000000, 
-7.425675253236452e-05, 3.625615211518459e-05, -1.5977745433011965e-05, 71434000000, 
-7.425675253236452e-05, 2.006359421176847e-05, -1.5252622390708274e-05, 71434000000, 
-6.832352840968614e-05, 1.9777413742261274e-05, -1.4455802231627678e-05, 71570000000, 
-6.538704169162246e-05, 2.9565702802473542e-05, -1.3864488175578208e-05, 71638000000, 
-4.752635235372171e-05, 6.93239201865481e-05, -1.2082461497002021e-05, 71672000000, 
-4.204902222815221e-05, 7.77933982115675e-05, -1.0330827751566425e-05, 71740000000, 
-4.142831104259059e-05, 2.0326804370437063e-05, -8.733579041630968e-06, 71808000000, 
-2.570728633916053e-05, 5.4472452963305606e-05, -7.278974640660222e-06, 71876000000, 
-7.066120324417113e-06, 0.00011454063572724493, -4.946781180411216e-06, 71978000000, 
-6.166293946507917e-06, 6.513664130884204e-05, -2.5959800406723708e-06, 72012000000, 
-1.2699226253021223e-05, -1.8777019762013698e-05, -1.7287760349297501e-06, 72080000000, 
-2.3048304445272283e-05, -5.6273368329214556e-05, -2.794254976320095e-06, 72148000000, 
-3.3415142973280965e-05, -6.905305573419913e-05, -4.610844911438298e-06, 72182000000, 
-4.170287583987742e-05, -6.218190464868378e-05, -6.5444215505620445e-06, 72250000000, 
-4.909882862685899e-05, -5.227895217859343e-05, -8.281123162667825e-06, 72318000000, 
-4.837194440437953e-05, -2.2230228548340374e-05, -9.278243258074396e-06, 72386000000, 
-4.7975502856456576e-05, 3.744419234674723e-06, -9.696418392513006e-06, 72454000000, 
-3.647936632039661e-05, 3.964192694660973e-05, -8.855120905415514e-06, 72522000000, 
-2.1311887453856482e-05, 8.887871800866698e-05, -7.0511171087139776e-06, 72556000000, 
-2.2263688704837747e-06, 0.00011417665816637612, -4.001174842982458e-06, 72624000000, 
1.521969594869832e-05, 0.00012177194467518267, -5.545706917094624e-07, 72658000000, 
2.3072600351059513e-05, 8.43298974051443e-05, 2.4043951619516038e-06, 72726000000, 
2.678391823146553e-05, 3.854740760922404e-05, 4.338414302081558e-06, 72794000000, 
2.5752687816682496e-05, 8.933624885409941e-06, 5.040613759947169e-06, 72862000000, 
2.4946268769310276e-05, -6.125498207184184e-06, 5.165524987830553e-06, 72896000000, 
1.666293603863611e-05, -3.029917259348795e-05, 4.490792841641926e-06, 72964000000, 
1.2227234762518524e-05, -4.239678002263917e-05, 3.5890959713643275e-06, 73032000000, 
-8.947731147956883e-06, -8.536889062197665e-05, 1.3294959768798501e-06, 73066000000, 
-1.372210239891647e-05, -8.649779053811664e-05, -6.961732522903219e-07, 73168000000, 
-2.2597276133240474e-05, -4.5498483284278635e-05, -3.0178073120075886e-06, 73236000000, 
-3.408596890824844e-05, -6.787955503110658e-05, -4.693689829360359e-06, 73304000000, 
-3.504023665268363e-05, -4.147653506481053e-05, -6.114898779611503e-06, 73372000000, 
-3.100716897186384e-05, 1.026266645461534e-05, -6.6755583021863945e-06, 73440000000, 
-2.832416437609231e-05, 2.2386907588637744e-05, -6.291438000042652e-06, 73508000000, 
-2.409715818602054e-05, 2.303336928614434e-05, -5.5618994355984455e-06, 73576000000, 
-1.7137632630115363e-05, 3.728843915325649e-05, -4.637263679481881e-06, 73644000000, 
-5.727504046815213e-06, 6.123218046401775e-05, -3.1308196575300743e-06, 73746000000, 
5.8430571436840495e-08, 5.732021067184068e-05, -1.5204470736995824e-06, 73814000000, 
4.763308016686452e-06, 3.4969373545005546e-05, -6.03843639127947e-08, 73882000000, 
4.763308016686452e-06, 1.5682924817498705e-05, 6.390031069873162e-07, 73882000000, 
1.4653203528336434e-07, -1.5389253271343623e-05, 6.448765379104179e-07, 74018000000, 
-3.244759630427474e-07, -1.6959279932430665e-05, 3.056909392618046e-07, 74052000000, 
5.207664670159318e-06, 1.6870442116253177e-05, 3.3531471615999564e-07, 74086000000, 
7.71604044064178e-06, 2.6801721345615093e-05, 8.399486098505567e-07, 74154000000, 
-6.169023697433218e-06, -3.792229455864179e-05, 4.5031209422452534e-07, 74188000000, 
-1.9394325385779787e-05, -9.036788608807189e-05, -1.189820576171415e-06, 74222000000, 
-3.3574631557731216e-05, -9.135202620099332e-05, -3.942532042729615e-06, 74290000000, 
-4.341691694592642e-05, -8.007530520048878e-05, -6.425724925962494e-06, 74358000000, 
-5.757187944510633e-05, -7.999082629125039e-05, -8.970895196584264e-06, 74426000000, 
-7.333834096540093e-05, -9.973808006491502e-05, -1.1621809157095578e-05, 74494000000, 
-8.468409667422572e-05, -9.037405743039795e-05, -1.4372954472315531e-05, 74562000000, 
-0.00010264131170900637, -9.767656914535146e-05, -1.7377583289908866e-05, 74596000000, 
-0.00010434838968786941, -6.554764337881232e-05, -1.9444919871406767e-05, 74664000000, 
-9.942681227403938e-05, 1.0714998116556629e-05, -2.042776757806101e-05, 74732000000, 
-0.00010104418392148373, 1.1014019221285606e-05, -2.0321292392226168e-05, 74834000000, 
-0.00011417038993633, -4.9145258874302065e-05, -2.0976092408790208e-05, 74902000000, 
-0.00011712989674894647, -5.361904275820913e-05, -2.215629804045068e-05, 74970000000, 
-0.00011352285086829728, 2.1584635601090696e-06, -2.298820917023825e-05, 75004000000, 
-0.00010284794765608174, 4.760649697621577e-05, -2.2233379684888366e-05, 75072000000, 
-8.905877770332138e-05, 8.154691054991965e-05, -2.036197174851336e-05, 75174000000, 
-6.414099333446055e-05, 0.00012902318107207064, -1.7069847912924246e-05, 75242000000, 
-4.977355396784677e-05, 0.00013095074578491536, -1.3531555000375247e-05, 75344000000, 
-4.681387718680208e-05, 5.775705382552824e-05, -1.071522829927396e-05, 75378000000, 
-4.289443022659212e-05, 2.2930412470848854e-05, -9.298790758749398e-06, 75446000000, 
-4.2491232087049635e-05, 1.4408816999174808e-05, -8.813302633362921e-06, 75514000000, 
-3.824666597385118e-05, 1.549254750913646e-05, -8.242155219166195e-06, 75582000000, 
-3.821714574453461e-05, 1.4246954475050089e-05, -7.930336253695695e-06, 75650000000, 
-3.932150966096115e-05, -3.5828122903665736e-06, -7.719021425289796e-06, 75752000000, 
-3.377476486016162e-05, 1.4807936281243292e-05, -7.4208946843771585e-06, 75786000000, 
-2.7402759211148098e-05, 3.9729168166043514e-05, -6.699935582151392e-06, 75854000000, 
-1.9729686154545956e-05, 4.681692901871889e-05, -5.393814015057045e-06, 75922000000, 
-9.627403714462801e-06, 5.925118498895099e-05, -3.7839899386771235e-06, 75990000000, 
8.815244225690577e-07, 6.870403525705004e-05, -1.8983710297626466e-06, 76058000000, 
1.0375841732579438e-05, 6.667748482347413e-05, 1.0866416271237966e-07, 76126000000, 
1.1520489010763413e-05, 3.5463215293981186e-05, 1.5185236777274607e-06, 76194000000, 
5.796585983763869e-06, -1.526418582938523e-05, 1.8461944484737813e-06, 76262000000, 
-2.323018852556924e-06, -4.614502621106779e-05, 9.996037427980238e-07, 76330000000, 
-1.0628759115893782e-05, -5.475115033219217e-05, -4.770127989791224e-07, 76398000000, 
-2.4204123888371676e-05, -7.293701678604918e-05, -2.477060123788159e-06, 76466000000, 
-4.2204711392601624e-05, -0.0001052531742556928, -5.135839626457806e-06, 76534000000, 
-5.18910050760768e-05, -9.228960395901709e-05, -7.88665602380334e-06, 76636000000, 
-5.9728449059937017e-05, -5.841245889111798e-05, -1.0254944368574362e-05, 76670000000, 
-5.8195439239960844e-05, -2.1014780546280143e-05, -1.1320992891731644e-05, 76738000000, 
-4.974050697992283e-05, 3.329314026671396e-05, -1.1177626351988045e-05, 76806000000, 
-3.922775689296776e-05, 6.322560782331028e-05, -9.810913540856761e-06, 76874000000, 
-2.8798571702737252e-05, 6.980645092395192e-05, -7.851122371708522e-06, 76942000000, 
-2.1504111363368494e-05, 5.907881843199755e-05, -5.968695997271567e-06, 77010000000, 
-1.1939070452604561e-05, 5.6198337500442307e-05, -4.149450234580687e-06, 77112000000, 
-4.143677619306008e-06, 5.786811248020829e-05, -2.5057906290186042e-06, 77146000000, 
-4.833292684247592e-06, 2.368592589452323e-05, -1.3944027170772106e-06, 77248000000, 
-6.131800385555941e-06, -6.627075887499778e-06, -1.0072513792739694e-06, 77316000000, 
-7.029423029325521e-06, -7.320434483593097e-06, -1.1996344066086035e-06, 77384000000, 
-5.4196629596381385e-06, 2.373791419726009e-06, -1.2387257583013067e-06, 77452000000, 
-6.382014378802925e-06, 2.1580288350753207e-06, -1.255406691184439e-06, 77486000000, 
-6.382014378802925e-06, -3.207838063882621e-06, -1.2122461144829325e-06, 77486000000, 
-1.1737737056483066e-05, -1.785240892560047e-05, -1.6334510542725943e-06, 77622000000, 
-1.0972895070515687e-05, -1.530293563904254e-05, -1.939509767053445e-06, 77724000000, 
-1.314627918047595e-05, -4.6951404133096135e-06, -2.390460753831647e-06, 77792000000, 
-1.9097514801724724e-05, -2.708206577069679e-05, -2.881112603514424e-06, 77860000000, 
-2.066231215297476e-05, -2.50534432416627e-05, -3.527073742345029e-06, 77894000000, 
-2.066231215297476e-05, -5.215991170833452e-06, -4.028142607178283e-06, 77894000000, 
-0.028431162080463646, -0.0947016658943689, -0.001898165780317973, 77996000000, 
-0.03590977081012503, -0.11963036165990686, -0.00429077301351611, 78064000000, 
-0.044373663027685584, -0.053141669824073125, -0.00724763972788495, 78132000000, 
-0.04655029518997822, -0.03546841459951063, -0.008455581935185922, 78200000000, 
-0.049024140417486206, -0.015501591299335407, -0.009329873242343334, 78268000000, 
-0.05026030600392217, -0.012366702713146513, -0.009722316107425773, 78336000000, 
-0.04650155229140307, 0.008408627086943787, -0.009719066580854096, 78404000000, 
-0.040011503051338604, 0.0341626765086119, -0.00911822408977759, 78472000000, 
-0.033742701616064186, 0.042529502251129614, -0.008017050463920391, 78540000000, 
-0.02818231186245529, 0.039430637296277715, -0.006795767768657205, 78608000000, 
-0.02303827966129046, 0.035681406515912416, -0.005664219542653995, 78642000000, 
-0.018841921897646774, 0.031134633216028385, -0.004670834228092835, 78676000000, 
-0.015152608138834511, 0.026285571741519836, -0.003802187313184783, 78778000000, 
-0.011980565195523318, 0.022871189007078185, -0.0030650063488003067, 78812000000, 
-0.009447541626337153, 0.019016888374991197, -0.002438714330712999, 78880000000, 
-0.008706588574938112, 0.010913255401950686, -0.0020089796931199054, 78914000000, 
-0.008612490638110093, 0.0027835032940901985, -0.0017844413892923571, 79016000000, 
-0.008873384749605973, -0.0005559872488928678, -0.0017461642641769452, 79050000000, 
-0.009181993447633374, -0.0018983426984109375, -0.0017778579223566293, 79084000000, 
-0.009579512980890714, -0.002353760770949139, -0.001842326078542004, 79152000000, 
-0.010113616580537832, -0.003105410443014859, -0.001925008200604128, 79254000000, 
-0.010364541951655093, -0.0026167632358812623, -0.0020038447675389095, 79322000000, 
-0.010588155308913105, -0.001581795761250911, -0.002071087589407069, 79356000000, 
-0.01028160999929495, 0.0002764398412004783, -0.0020822871506575432, 79424000000, 
-0.009808087806913723, 0.002600225006664606, -0.002045190207674785, 79492000000, 
-0.00912458613139877, 0.0038567462263205954, -0.0019476189291738296, 79560000000, 
-0.008346615884365693, 0.0048715730751601, -0.0018186193215118792, 79628000000, 
-0.007589443187759004, 0.0051171431454658895, -0.001670709680234898, 79730000000, 
-0.006857699384371363, 0.004963054999981102, -0.0015195838970997373, 79798000000, 
-0.006192273544370908, 0.004657232144626988, -0.0013759610744334184, 79866000000, 
-0.005592260379638059, 0.004218130015777681, -0.0012428155538920219, 79934000000, 
-0.005161419066901762, 0.0034361815915638174, -0.0011297301993940486, 80002000000, 
-0.004780482638035544, 0.002705925805341717, -0.0010356108056383576, 80070000000, 
-0.00447791324721547, 0.00227835273228764, -0.0009613209968101851, 80138000000, 
